Raw Letters,Raw Values,time_idx,node_values,series
w,-1,1,-1,0
w,-1,2,-2,0
w,-1,3,-3,0
q,1,4,-2,0
w,-1,5,-3,0
w,-1,6,-4,0
w,-1,7,-5,0
w,-1,8,-6,0
w,-1,9,-7,0
w,-1,10,-8,0
w,-1,11,-9,0
w,-1,12,-10,0
w,-1,13,-11,0
w,-1,14,-12,0
w,-1,15,-13,0
w,-1,16,-14,0
w,-1,17,-15,0
w,-1,18,-16,0
w,-1,19,-17,0
w,-1,20,-18,0
q,1,21,-17,0
w,-1,22,-18,0
q,1,23,-17,0
w,-1,24,-18,0
w,-1,25,-19,0
q,1,26,-18,0
w,-1,27,-19,0
w,-1,28,-20,0
w,-1,29,-21,0
w,-1,30,-22,0
w,-1,31,-23,0
w,-1,32,-24,0
w,-1,33,-25,0
w,-1,34,-26,0
q,1,35,-25,0
w,-1,36,-26,0
w,-1,37,-27,0
w,-1,38,-28,0
w,-1,39,-29,0
w,-1,40,-30,0
w,-1,41,-31,0
w,-1,42,-32,0
w,-1,43,-33,0
w,-1,44,-34,0
q,1,45,-33,0
w,-1,46,-34,0
w,-1,47,-35,0
w,-1,48,-36,0
w,-1,49,-37,0
w,-1,50,-38,0
w,-1,51,-39,0
q,1,52,-38,0
w,-1,53,-39,0
q,1,54,-38,0
q,1,55,-37,0
w,-1,56,-38,0
w,-1,57,-39,0
w,-1,58,-40,0
q,1,59,-39,0
w,-1,60,-40,0
w,-1,61,-41,0
q,1,62,-40,0
w,-1,63,-41,0
q,1,64,-40,0
w,-1,65,-41,0
q,1,66,-40,0
w,-1,67,-41,0
w,-1,68,-42,0
w,-1,69,-43,0
w,-1,70,-44,0
w,-1,71,-45,0
q,1,72,-44,0
w,-1,73,-45,0
w,-1,74,-46,0
q,1,75,-45,0
w,-1,76,-46,0
w,-1,77,-47,0
w,-1,78,-48,0
w,-1,79,-49,0
w,-1,80,-50,0
w,-1,81,-51,0
w,-1,82,-52,0
w,-1,83,-53,0
q,1,84,-52,0
w,-1,85,-53,0
w,-1,86,-54,0
w,-1,87,-55,0
w,-1,88,-56,0
w,-1,89,-57,0
w,-1,90,-58,0
w,-1,91,-59,0
w,-1,92,-60,0
w,-1,93,-61,0
q,1,94,-60,0
w,-1,95,-61,0
w,-1,96,-62,0
q,1,97,-61,0
w,-1,98,-62,0
w,-1,99,-63,0
w,-1,100,-64,0
w,-1,101,-65,0
w,-1,102,-66,0
w,-1,103,-67,0
w,-1,104,-68,0
w,-1,105,-69,0
w,-1,106,-70,0
w,-1,107,-71,0
q,1,108,-70,0
w,-1,109,-71,0
w,-1,110,-72,0
q,1,111,-71,0
w,-1,112,-72,0
w,-1,113,-73,0
w,-1,114,-74,0
q,1,115,-73,0
w,-1,116,-74,0
w,-1,117,-75,0
w,-1,118,-76,0
q,1,119,-75,0
w,-1,120,-76,0
w,-1,121,-77,0
q,1,122,-76,0
w,-1,123,-77,0
q,1,124,-76,0
w,-1,125,-77,0
w,-1,126,-78,0
q,1,127,-77,0
w,-1,128,-78,0
w,-1,129,-79,0
q,1,130,-78,0
w,-1,131,-79,0
q,1,132,-78,0
w,-1,133,-79,0
w,-1,134,-80,0
w,-1,135,-81,0
w,-1,136,-82,0
w,-1,137,-83,0
w,-1,138,-84,0
q,1,139,-83,0
w,-1,140,-84,0
q,1,141,-83,0
w,-1,142,-84,0
w,-1,143,-85,0
w,-1,144,-86,0
w,-1,145,-87,0
w,-1,146,-88,0
w,-1,147,-89,0
w,-1,148,-90,0
q,1,149,-89,0
w,-1,150,-90,0
q,1,151,-89,0
q ,1,152,-88,0
w,-1,153,-89,0
w,-1,154,-90,0
w,-1,155,-91,0
w,-1,156,-92,0
w,-1,157,-93,0
q,1,158,-92,0
w,-1,159,-93,0
w,-1,160,-94,0
w,-1,161,-95,0
w,-1,162,-96,0
w,-1,163,-97,0
w,-1,164,-98,0
w,-1,165,-99,0
w,-1,166,-100,0
q,1,167,-99,0
w,-1,168,-100,0
w,-1,169,-101,0
w,-1,170,-102,0
w,-1,171,-103,0
w,-1,172,-104,0
q,1,173,-103,0
w,-1,174,-104,0
q,1,175,-103,0
w,-1,176,-104,0
w,-1,177,-105,0
q,1,178,-104,0
w,-1,179,-105,0
q,1,180,-104,0
w,-1,181,-105,0
w,-1,182,-106,0
w,-1,183,-107,0
w,-1,184,-108,0
w,-1,185,-109,0
w,-1,186,-110,0
w,-1,187,-111,0
q,1,188,-110,0
w,-1,189,-111,0
q,1,190,-110,0
w,-1,191,-111,0
q,1,192,-110,0
w,-1,193,-111,0
q,1,194,-110,0
w,-1,195,-111,0
w,-1,196,-112,0
w,-1,197,-113,0
q,1,198,-112,0
w,-1,199,-113,0
q,1,200,-112,0
w,-1,201,-113,0
w,-1,202,-114,0
w,-1,203,-115,0
w,-1,204,-116,0
w,-1,205,-117,0
q,1,206,-116,0
w,-1,207,-117,0
q,1,208,-116,0
q,1,209,-115,0
q,1,210,-114,0
q,1,211,-113,0
w,-1,212,-114,0
w,-1,213,-115,0
w,-1,214,-116,0
w,-1,215,-117,0
w,-1,216,-118,0
w,-1,217,-119,0
w,-1,218,-120,0
w,-1,219,-121,0
w,-1,220,-122,0
q,1,221,-121,0
w,-1,222,-122,0
w,-1,223,-123,0
w,-1,224,-124,0
w,-1,225,-125,0
q,1,226,-124,0
w,-1,227,-125,0
w,-1,228,-126,0
w,-1,229,-127,0
w,-1,230,-128,0
q,1,231,-127,0
w,-1,232,-128,0
q,1,233,-127,0
w,-1,234,-128,0
w,-1,235,-129,0
q,1,236,-128,0
w,-1,237,-129,0
q,1,238,-128,0
q,1,239,-127,0
w,-1,240,-128,0
q,1,241,-127,0
w,-1,242,-128,0
w,-1,243,-129,0
w,-1,244,-130,0
q,1,245,-129,0
w,-1,246,-130,0
w,-1,247,-131,0
w,-1,248,-132,0
w,-1,249,-133,0
q,1,250,-132,0
w,-1,251,-133,0
w,-1,252,-134,0
q,1,253,-133,0
w,-1,254,-134,0
q,1,255,-133,0
w,-1,256,-134,0
w,-1,257,-135,0
w,-1,258,-136,0
q,1,259,-135,0
w,-1,260,-136,0
w,-1,261,-137,0
q,1,262,-136,0
w,-1,263,-137,0
w,-1,264,-138,0
w,-1,265,-139,0
q,1,266,-138,0
w,-1,267,-139,0
q,1,268,-138,0
q,1,269,-137,0
q,1,270,-136,0
w,-1,271,-137,0
w,-1,272,-138,0
q,1,273,-137,0
w,-1,274,-138,0
w,-1,275,-139,0
w,-1,276,-140,0
q,1,277,-139,0
w,-1,278,-140,0
q,1,279,-139,0
w,-1,280,-140,0
q,1,281,-139,0
w,-1,282,-140,0
q,1,283,-139,0
q,1,284,-138,0
w,-1,285,-139,0
w,-1,286,-140,0
w,-1,287,-141,0
w,-1,288,-142,0
w,-1,289,-143,0
q,1,290,-142,0
w,-1,291,-143,0
q,1,292,-142,0
q,1,293,-141,0
w,-1,294,-142,0
q,1,295,-141,0
w,-1,296,-142,0
w,-1,297,-143,0
w,-1,298,-144,0
w,-1,299,-145,0
q,1,300,-144,0
w,-1,301,-145,0
w,-1,302,-146,0
w,-1,303,-147,0
w,-1,304,-148,0
w,-1,305,-149,0
w,-1,306,-150,0
w,-1,307,-151,0
q,1,308,-150,0
w,-1,309,-151,0
w,-1,310,-152,0
w,-1,311,-153,0
w,-1,312,-154,0
w,-1,313,-155,0
w,-1,314,-156,0
w,-1,315,-157,0
w,-1,316,-158,0
w,-1,317,-159,0
q,1,318,-158,0
w,-1,319,-159,0
q,1,320,-158,0
w,-1,321,-159,0
w,-1,322,-160,0
w,-1,323,-161,0
w,-1,324,-162,0
w,-1,325,-163,0
w,-1,326,-164,0
w,-1,327,-165,0
w,-1,328,-166,0
q,1,329,-165,0
w,-1,330,-166,0
q,1,331,-165,0
w,-1,332,-166,0
q,1,333,-165,0
q,1,334,-164,0
w,-1,335,-165,0
w,-1,336,-166,0
w,-1,337,-167,0
w,-1,338,-168,0
w,-1,339,-169,0
q,1,340,-168,0
w,-1,341,-169,0
q,1,342,-168,0
w,-1,343,-169,0
q,1,344,-168,0
w,-1,345,-169,0
w,-1,346,-170,0
w,-1,347,-171,0
w,-1,348,-172,0
w,-1,349,-173,0
w,-1,350,-174,0
w,-1,351,-175,0
w,-1,352,-176,0
w,-1,353,-177,0
q,1,354,-176,0
w,-1,355,-177,0
w,-1,356,-178,0
w,-1,357,-179,0
w,-1,358,-180,0
w,-1,359,-181,0
w,-1,360,-182,0
w,-1,361,-183,0
q,1,362,-182,0
w,-1,363,-183,0
w,-1,364,-184,0
w,-1,365,-185,0
w,-1,366,-186,0
w,-1,367,-187,0
q,1,368,-186,0
w,-1,369,-187,0
w,-1,370,-188,0
w,-1,371,-189,0
w,-1,372,-190,0
w,-1,373,-191,0
w,-1,374,-192,0
q,1,375,-191,0
w,-1,376,-192,0
w,-1,377,-193,0
q,1,378,-192,0
w,-1,379,-193,0
w,-1,380,-194,0
w,-1,381,-195,0
q,1,382,-194,0
w,-1,383,-195,0
q,1,384,-194,0
q,1,385,-193,0
w,-1,386,-194,0
q,1,387,-193,0
q,1,388,-192,0
q,1,389,-191,0
w,-1,390,-192,0
q,1,391,-191,0
w,-1,392,-192,0
q,1,393,-191,0
w,-1,394,-192,0
w,-1,395,-193,0
q,1,396,-192,0
w,-1,397,-193,0
w,-1,398,-194,0
w,-1,399,-195,0
w,-1,400,-196,0
w,-1,401,-197,0
q,1,402,-196,0
w,-1,403,-197,0
q,1,404,-196,0
q,1,405,-195,0
w,-1,406,-196,0
q,1,407,-195,0
w,-1,408,-196,0
q,1,409,-195,0
w,-1,410,-196,0
q,1,411,-195,0
w,-1,412,-196,0
w,-1,413,-197,0
w,-1,414,-198,0
w,-1,415,-199,0
w,-1,416,-200,0
q,1,417,-199,0
w,-1,418,-200,0
w,-1,419,-201,0
w,-1,420,-202,0
w,-1,421,-203,0
q,1,422,-202,0
w,-1,423,-203,0
q,1,424,-202,0
w,-1,425,-203,0
w,-1,426,-204,0
w,-1,427,-205,0
q,1,428,-204,0
w,-1,429,-205,0
q,1,430,-204,0
w,-1,431,-205,0
w,-1,432,-206,0
w,-1,433,-207,0
q,1,434,-206,0
w,-1,435,-207,0
w,-1,436,-208,0
w,-1,437,-209,0
w,-1,438,-210,0
w,-1,439,-211,0
w,-1,440,-212,0
q,1,441,-211,0
w,-1,442,-212,0
w,-1,443,-213,0
w,-1,444,-214,0
w,-1,445,-215,0
w,-1,446,-216,0
q,1,447,-215,0
w,-1,448,-216,0
q,1,449,-215,0
q,1,450,-214,0
w,-1,451,-215,0
q,1,452,-214,0
w,-1,453,-215,0
q,1,454,-214,0
w,-1,455,-215,0
w,-1,456,-216,0
w,-1,457,-217,0
q,1,458,-216,0
w,-1,459,-217,0
q,1,460,-216,0
w,-1,461,-217,0
w,-1,462,-218,0
w,-1,463,-219,0
w,-1,464,-220,0
w,-1,465,-221,0
w,-1,466,-222,0
w,-1,467,-223,0
w,-1,468,-224,0
w,-1,469,-225,0
w,-1,470,-226,0
w,-1,471,-227,0
w,-1,472,-228,0
w,-1,473,-229,0
w,-1,474,-230,0
w,-1,475,-231,0
q,1,476,-230,0
w,-1,477,-231,0
w,-1,478,-232,0
w,-1,479,-233,0
w,-1,480,-234,0
w,-1,481,-235,0
w,-1,482,-236,0
w,-1,483,-237,0
q,1,484,-236,0
w,-1,485,-237,0
w,-1,486,-238,0
w,-1,487,-239,0
w,-1,488,-240,0
w,-1,489,-241,0
w,-1,490,-242,0
q,1,491,-241,0
w,-1,492,-242,0
q,1,493,-241,0
w,-1,494,-242,0
w,-1,495,-243,0
q,1,496,-242,0
w,-1,497,-243,0
w,-1,498,-244,0
w,-1,499,-245,0
q,1,500,-244,0
w,-1,501,-245,0
w,-1,502,-246,0
w,-1,503,-247,0
w,-1,504,-248,0
q,1,505,-247,0
w,-1,506,-248,0
q,1,507,-247,0
w,-1,508,-248,0
w,-1,509,-249,0
w,-1,510,-250,0
w,-1,511,-251,0
q,1,512,-250,0
w,-1,513,-251,0
q,1,514,-250,0
q,1,515,-249,0
w,-1,516,-250,0
w,-1,517,-251,0
w,-1,518,-252,0
w,-1,519,-253,0
w,-1,520,-254,0
w,-1,521,-255,0
w,-1,522,-256,0
w,-1,523,-257,0
w,-1,524,-258,0
q,1,525,-257,0
w,-1,526,-258,0
w,-1,527,-259,0
w,-1,528,-260,0
w,-1,529,-261,0
w,-1,530,-262,0
w,-1,531,-263,0
w,-1,532,-264,0
w,-1,533,-265,0
w,-1,534,-266,0
w,-1,535,-267,0
w,-1,536,-268,0
w,-1,537,-269,0
w,-1,538,-270,0
w,-1,539,-271,0
w,-1,540,-272,0
w,-1,541,-273,0
w,-1,542,-274,0
w,-1,543,-275,0
w,-1,544,-276,0
q,1,545,-275,0
w,-1,546,-276,0
q,1,547,-275,0
w,-1,548,-276,0
q,1,549,-275,0
q,1,550,-274,0
w,-1,551,-275,0
w,-1,552,-276,0
w,-1,553,-277,0
w,-1,554,-278,0
w,-1,555,-279,0
w,-1,556,-280,0
q,1,557,-279,0
w,-1,558,-280,0
w,-1,559,-281,0
w,-1,560,-282,0
w,-1,561,-283,0
q,1,562,-282,0
w,-1,563,-283,0
q,1,564,-282,0
w,-1,565,-283,0
w,-1,566,-284,0
w,-1,567,-285,0
w,-1,568,-286,0
w,-1,569,-287,0
w,-1,570,-288,0
w,-1,571,-289,0
w,-1,572,-290,0
w,-1,573,-291,0
w,-1,574,-292,0
q,1,575,-291,0
w,-1,576,-292,0
w,-1,577,-293,0
q,1,578,-292,0
w,-1,579,-293,0
w,-1,580,-294,0
w,-1,581,-295,0
q,1,582,-294,0
w,-1,583,-295,0
w,-1,584,-296,0
w,-1,585,-297,0
w,-1,586,-298,0
w,-1,587,-299,0
w,-1,588,-300,0
w,-1,589,-301,0
w,-1,590,-302,0
w,-1,591,-303,0
w,-1,592,-304,0
w,-1,593,-305,0
q,1,594,-304,0
w,-1,595,-305,0
w,-1,596,-306,0
w,-1,597,-307,0
w,-1,598,-308,0
w,-1,599,-309,0
w,-1,600,-310,0
w,-1,601,-311,0
q,1,602,-310,0
w,-1,603,-311,0
q,1,604,-310,0
w,-1,605,-311,0
q,1,606,-310,0
w,-1,607,-311,0
q,1,608,-310,0
w,-1,609,-311,0
q,1,610,-310,0
w,-1,611,-311,0
w,-1,612,-312,0
w,-1,613,-313,0
w,-1,614,-314,0
w,-1,615,-315,0
q,1,616,-314,0
w,-1,617,-315,0
q,1,618,-314,0
w,-1,619,-315,0
w,-1,620,-316,0
w,-1,621,-317,0
w,-1,622,-318,0
w,-1,623,-319,0
w,-1,624,-320,0
w,-1,625,-321,0
q,1,626,-320,0
w,-1,627,-321,0
q,1,628,-320,0
w,-1,629,-321,0
q,1,630,-320,0
w,-1,631,-321,0
q,1,632,-320,0
w,-1,633,-321,0
w,-1,634,-322,0
w,-1,635,-323,0
q,1,636,-322,0
w,-1,637,-323,0
q,1,638,-322,0
w,-1,639,-323,0
q,1,640,-322,0
w,-1,641,-323,0
q,1,642,-322,0
w,-1,643,-323,0
w,-1,644,-324,0
w,-1,645,-325,0
w,-1,646,-326,0
w,-1,647,-327,0
w,-1,648,-328,0
w,-1,649,-329,0
w,-1,650,-330,0
q,1,651,-329,0
w,-1,652,-330,0
w,-1,653,-331,0
w,-1,654,-332,0
w,-1,655,-333,0
w,-1,656,-334,0
w,-1,657,-335,0
q,1,658,-334,0
w,-1,659,-335,0
q,1,660,-334,0
w,-1,661,-335,0
w,-1,662,-336,0
q,1,663,-335,0
w,-1,664,-336,0
w,-1,665,-337,0
w,-1,666,-338,0
w,-1,667,-339,0
w,-1,668,-340,0
w,-1,669,-341,0
q,1,670,-340,0
w,-1,671,-341,0
w,-1,672,-342,0
w,-1,673,-343,0
q,1,674,-342,0
w,-1,675,-343,0
w,-1,676,-344,0
w,-1,677,-345,0
w,-1,678,-346,0
w,-1,679,-347,0
q,1,680,-346,0
w,-1,681,-347,0
q,1,682,-346,0
w,-1,683,-347,0
w,-1,684,-348,0
w,-1,685,-349,0
w,-1,686,-350,0
w,-1,687,-351,0
w,-1,688,-352,0
w,-1,689,-353,0
q,1,690,-352,0
w,-1,691,-353,0
w,-1,692,-354,0
q,1,693,-353,0
w,-1,694,-354,0
q,1,695,-353,0
w,-1,696,-354,0
w,-1,697,-355,0
w,-1,698,-356,0
w,-1,699,-357,0
w,-1,700,-358,0
w,-1,701,-359,0
w,-1,702,-360,0
q,1,703,-359,0
w,-1,704,-360,0
q,1,705,-359,0
w,-1,706,-360,0
w,-1,707,-361,0
w,-1,708,-362,0
w,-1,709,-363,0
q,1,710,-362,0
w,-1,711,-363,0
w,-1,712,-364,0
q,1,713,-363,0
w,-1,714,-364,0
q,1,715,-363,0
w,-1,716,-364,0
w,-1,717,-365,0
q,1,718,-364,0
w,-1,719,-365,0
q,1,720,-364,0
w,-1,721,-365,0
w,-1,722,-366,0
w,-1,723,-367,0
w,-1,724,-368,0
w,-1,725,-369,0
w,-1,726,-370,0
w,-1,727,-371,0
q,1,728,-370,0
w,-1,729,-371,0
w,-1,730,-372,0
w,-1,731,-373,0
w,-1,732,-374,0
w,-1,733,-375,0
w,-1,734,-376,0
w,-1,735,-377,0
w,-1,736,-378,0
w,-1,737,-379,0
q,1,738,-378,0
w,-1,739,-379,0
q,1,740,-378,0
w,-1,741,-379,0
w,-1,742,-380,0
w,-1,743,-381,0
w,-1,744,-382,0
w,-1,745,-383,0
q,1,746,-382,0
w,-1,747,-383,0
q,1,748,-382,0
w,-1,749,-383,0
w,-1,750,-384,0
w,-1,751,-385,0
w,-1,752,-386,0
w,-1,753,-387,0
w,-1,754,-388,0
q,1,755,-387,0
w,-1,756,-388,0
w,-1,757,-389,0
q,1,758,-388,0
w,-1,759,-389,0
w,-1,760,-390,0
q,1,761,-389,0
w,-1,762,-390,0
w,-1,763,-391,0
w,-1,764,-392,0
w,-1,765,-393,0
w,-1,766,-394,0
w,-1,767,-395,0
w,-1,768,-396,0
w,-1,769,-397,0
w,-1,770,-398,0
q,1,771,-397,0
w,-1,772,-398,0
w,-1,773,-399,0
q,1,774,-398,0
w,-1,775,-399,0
w,-1,776,-400,0
w,-1,777,-401,0
w,-1,778,-402,0
q,1,779,-401,0
w,-1,780,-402,0
q,1,781,-401,0
w,-1,782,-402,0
w,-1,783,-403,0
w,-1,784,-404,0
w,-1,785,-405,0
w,-1,786,-406,0
w,-1,787,-407,0
w,-1,788,-408,0
w,-1,789,-409,0
q,1,790,-408,0
w,-1,791,-409,0
w,-1,792,-410,0
w,-1,793,-411,0
w,-1,794,-412,0
w,-1,795,-413,0
w,-1,796,-414,0
w,-1,797,-415,0
w,-1,798,-416,0
w,-1,799,-417,0
w,-1,800,-418,0
q,1,801,-417,0
w,-1,802,-418,0
q,1,803,-417,0
w,-1,804,-418,0
w,-1,805,-419,0
w,-1,806,-420,0
w,-1,807,-421,0
q,1,808,-420,0
w,-1,809,-421,0
q,1,810,-420,0
w,-1,811,-421,0
w,-1,812,-422,0
w,-1,813,-423,0
w,-1,814,-424,0
q,1,815,-423,0
w,-1,816,-424,0
w,-1,817,-425,0
w,-1,818,-426,0
q,1,819,-425,0
w,-1,820,-426,0
q,1,821,-425,0
w,-1,822,-426,0
w,-1,823,-427,0
q,1,824,-426,0
w,-1,825,-427,0
q,1,826,-426,0
w,-1,827,-427,0
q,1,828,-426,0
w,-1,829,-427,0
q,1,830,-426,0
w,-1,831,-427,0
w,-1,832,-428,0
w,-1,833,-429,0
q,1,834,-428,0
w,-1,835,-429,0
w,-1,836,-430,0
w,-1,837,-431,0
w,-1,838,-432,0
q,1,839,-431,0
w,-1,840,-432,0
q,1,841,-431,0
q,1,842,-430,0
q,1,843,-429,0
w,-1,844,-430,0
w,-1,845,-431,0
w,-1,846,-432,0
w,-1,847,-433,0
w,-1,848,-434,0
w,-1,849,-435,0
w,-1,850,-436,0
w,-1,851,-437,0
w,-1,852,-438,0
q,1,853,-437,0
w,-1,854,-438,0
w,-1,855,-439,0
w,-1,856,-440,0
w,-1,857,-441,0
q,1,858,-440,0
w,-1,859,-441,0
q,1,860,-440,0
w,-1,861,-441,0
w,-1,862,-442,0
w,-1,863,-443,0
q,1,864,-442,0
w,-1,865,-443,0
w,-1,866,-444,0
w,-1,867,-445,0
w,-1,868,-446,0
w,-1,869,-447,0
w,-1,870,-448,0
w,-1,871,-449,0
q,1,872,-448,0
w,-1,873,-449,0
q,1,874,-448,0
q,1,875,-447,0
w,-1,876,-448,0
w,-1,877,-449,0
q,1,878,-448,0
w,-1,879,-449,0
q,1,880,-448,0
w,-1,881,-449,0
w,-1,882,-450,0
w,-1,883,-451,0
w,-1,884,-452,0
q,1,885,-451,0
w,-1,886,-452,0
w,-1,887,-453,0
w,-1,888,-454,0
q,1,889,-453,0
w,-1,890,-454,0
w,-1,891,-455,0
w,-1,892,-456,0
w,-1,893,-457,0
w,-1,894,-458,0
w,-1,895,-459,0
w,-1,896,-460,0
w,-1,897,-461,0
w,-1,898,-462,0
w,-1,899,-463,0
w,-1,900,-464,0
w,-1,901,-465,0
w,-1,902,-466,0
w,-1,903,-467,0
w,-1,904,-468,0
q,1,905,-467,0
w,-1,906,-468,0
w,-1,907,-469,0
q,1,908,-468,0
w,-1,909,-469,0
w,-1,910,-470,0
w,-1,911,-471,0
q,1,912,-470,0
w,-1,913,-471,0
w,-1,914,-472,0
w,-1,915,-473,0
w,-1,916,-474,0
w,-1,917,-475,0
w,-1,918,-476,0
q,1,919,-475,0
w,-1,920,-476,0
q,1,921,-475,0
w,-1,922,-476,0
w,-1,923,-477,0
w,-1,924,-478,0
q,1,925,-477,0
w,-1,926,-478,0
w,-1,927,-479,0
w,-1,928,-480,0
q,1,929,-479,0
w,-1,930,-480,0
w,-1,931,-481,0
w,-1,932,-482,0
w,-1,933,-483,0
w,-1,934,-484,0
q,1,935,-483,0
w,-1,936,-484,0
q,1,937,-483,0
q,1,938,-482,0
q,1,939,-481,0
w,-1,940,-482,0
q,1,941,-481,0
w,-1,942,-482,0
q,1,943,-481,0
w,-1,944,-482,0
q,1,945,-481,0
w,-1,946,-482,0
w,-1,947,-483,0
w,-1,948,-484,0
w,-1,949,-485,0
q,1,950,-484,0
w,-1,951,-485,0
w,-1,952,-486,0
w,-1,953,-487,0
w,-1,954,-488,0
w,-1,955,-489,0
w,-1,956,-490,0
w,-1,957,-491,0
w,-1,958,-492,0
w,-1,959,-493,0
w,-1,960,-494,0
q,1,961,-493,0
w,-1,962,-494,0
q,1,963,-493,0
q,1,964,-492,0
w,-1,965,-493,0
q,1,966,-492,0
w,-1,967,-493,0
w,-1,968,-494,0
w,-1,969,-495,0
w,-1,970,-496,0
w,-1,971,-497,0
w,-1,972,-498,0
q,1,973,-497,0
w,-1,974,-498,0
q,1,975,-497,0
w,-1,976,-498,0
q,1,977,-497,0
w,-1,978,-498,0
w,-1,979,-499,0
w,-1,980,-500,0
w,-1,981,-501,0
w,-1,982,-502,0
w,-1,983,-503,0
w,-1,984,-504,0
q,1,985,-503,0
w,-1,986,-504,0
q,1,987,-503,0
w,-1,988,-504,0
w,-1,989,-505,0
q,1,990,-504,0
w,-1,991,-505,0
w,-1,992,-506,0
w,-1,993,-507,0
w,-1,994,-508,0
w,-1,995,-509,0
q,1,996,-508,0
w,-1,997,-509,0
q,1,998,-508,0
w,-1,999,-509,0
w,-1,1000,-510,0
w,-1,1001,-511,0
w,-1,1002,-512,0
w,-1,1003,-513,0
w,-1,1004,-514,0
w,-1,1005,-515,0
w,-1,1006,-516,0
q,1,1007,-515,0
w,-1,1008,-516,0
q,1,1009,-515,0
w,-1,1010,-516,0
w,-1,1011,-517,0
w,-1,1012,-518,0
w,-1,1013,-519,0
w,-1,1014,-520,0
w,-1,1015,-521,0
w,-1,1016,-522,0
q,1,1017,-521,0
w,-1,1018,-522,0
q,1,1019,-521,0
w,-1,1020,-522,0
w,-1,1021,-523,0
w,-1,1022,-524,0
w,-1,1023,-525,0
w,-1,1024,-526,0
w,-1,1025,-527,0
w,-1,1026,-528,0
w,-1,1027,-529,0
w,-1,1028,-530,0
w,-1,1029,-531,0
w,-1,1030,-532,0
q,1,1031,-531,0
w,-1,1032,-532,0
w,-1,1033,-533,0
w,-1,1034,-534,0
q,1,1035,-533,0
w,-1,1036,-534,0
w,-1,1037,-535,0
q,1,1038,-534,0
w,-1,1039,-535,0
w,-1,1040,-536,0
w,-1,1041,-537,0
w,-1,1042,-538,0
w,-1,1043,-539,0
q,1,1044,-538,0
w,-1,1045,-539,0
w,-1,1046,-540,0
w,-1,1047,-541,0
w,-1,1048,-542,0
w,-1,1049,-543,0
w,-1,1050,-544,0
w,-1,1051,-545,0
q,1,1052,-544,0
w,-1,1053,-545,0
w,-1,1054,-546,0
w,-1,1055,-547,0
w,-1,1056,-548,0
q,1,1057,-547,0
w,-1,1058,-548,0
q,1,1059,-547,0
w,-1,1060,-548,0
w,-1,1061,-549,0
w,-1,1062,-550,0
q,1,1063,-549,0
w,-1,1064,-550,0
w,-1,1065,-551,0
w,-1,1066,-552,0
w,-1,1067,-553,0
w,-1,1068,-554,0
w,-1,1069,-555,0
w,-1,1070,-556,0
w,-1,1071,-557,0
w,-1,1072,-558,0
w,-1,1073,-559,0
w,-1,1074,-560,0
w,-1,1075,-561,0
w,-1,1076,-562,0
w,-1,1077,-563,0
w,-1,1078,-564,0
w,-1,1079,-565,0
w,-1,1080,-566,0
w,-1,1081,-567,0
w,-1,1082,-568,0
w,-1,1083,-569,0
w,-1,1084,-570,0
w,-1,1085,-571,0
w,-1,1086,-572,0
w,-1,1087,-573,0
w,-1,1088,-574,0
w,-1,1089,-575,0
w,-1,1090,-576,0
w,-1,1091,-577,0
w,-1,1092,-578,0
w,-1,1093,-579,0
w,-1,1094,-580,0
w,-1,1095,-581,0
q,1,1096,-580,0
w,-1,1097,-581,0
w,-1,1098,-582,0
q,1,1099,-581,0
w,-1,1100,-582,0
w,-1,1101,-583,0
w,-1,1102,-584,0
w,-1,1103,-585,0
q,1,1104,-584,0
w,-1,1105,-585,0
w,-1,1106,-586,0
w,-1,1107,-587,0
q,1,1108,-586,0
w,-1,1109,-587,0
w,-1,1110,-588,0
w,-1,1111,-589,0
w,-1,1112,-590,0
q,1,1113,-589,0
w,-1,1114,-590,0
w,-1,1115,-591,0
q,1,1116,-590,0
w,-1,1117,-591,0
w,-1,1118,-592,0
w,-1,1119,-593,0
w,-1,1120,-594,0
w,-1,1121,-595,0
w,-1,1122,-596,0
q,1,1123,-595,0
w,-1,1124,-596,0
w,-1,1125,-597,0
w,-1,1126,-598,0
w,-1,1127,-599,0
w,-1,1128,-600,0
w,-1,1129,-601,0
w,-1,1130,-602,0
w,-1,1131,-603,0
w,-1,1132,-604,0
w,-1,1133,-605,0
w,-1,1134,-606,0
w,-1,1135,-607,0
w,-1,1136,-608,0
w,-1,1137,-609,0
w,-1,1138,-610,0
q,1,1139,-609,0
w,-1,1140,-610,0
q,1,1141,-609,0
q,1,1142,-608,0
w,-1,1143,-609,0
w,-1,1144,-610,0
w,-1,1145,-611,0
w,-1,1146,-612,0
q,1,1147,-611,0
w,-1,1148,-612,0
w,-1,1149,-613,0
w,-1,1150,-614,0
w,-1,1151,-615,0
w,-1,1152,-616,0
w,-1,1153,-617,0
q,1,1154,-616,0
w,-1,1155,-617,0
q,1,1156,-616,0
w,-1,1157,-617,0
q,1,1158,-616,0
w,-1,1159,-617,0
q,1,1160,-616,0
w,-1,1161,-617,0
q,1,1162,-616,0
q,1,1163,-615,0
w,-1,1164,-616,0
w,-1,1165,-617,0
w,-1,1166,-618,0
q,1,1167,-617,0
w,-1,1168,-618,0
w,-1,1169,-619,0
w,-1,1170,-620,0
q,1,1171,-619,0
w,-1,1172,-620,0
w,-1,1173,-621,0
w,-1,1174,-622,0
q,1,1175,-621,0
w,-1,1176,-622,0
w,-1,1177,-623,0
w,-1,1178,-624,0
w,-1,1179,-625,0
w,-1,1180,-626,0
w,-1,1181,-627,0
w,-1,1182,-628,0
w,-1,1183,-629,0
q,1,1184,-628,0
w,-1,1185,-629,0
q,1,1186,-628,0
w,-1,1187,-629,0
w,-1,1188,-630,0
w,-1,1189,-631,0
w,-1,1190,-632,0
q,1,1191,-631,0
w,-1,1192,-632,0
w,-1,1193,-633,0
w,-1,1194,-634,0
q,1,1195,-633,0
w,-1,1196,-634,0
w,-1,1197,-635,0
w,-1,1198,-636,0
w,-1,1199,-637,0
q,1,1200,-636,0
w,-1,1201,-637,0
w,-1,1202,-638,0
w,-1,1203,-639,0
w,-1,1204,-640,0
w,-1,1205,-641,0
w,-1,1206,-642,0
w,-1,1207,-643,0
w,-1,1208,-644,0
w,-1,1209,-645,0
w,-1,1210,-646,0
w,-1,1211,-647,0
q,1,1212,-646,0
w,-1,1213,-647,0
w,-1,1214,-648,0
q,1,1215,-647,0
w,-1,1216,-648,0
w,-1,1217,-649,0
w,-1,1218,-650,0
w,-1,1219,-651,0
w,-1,1220,-652,0
w,-1,1221,-653,0
q,1,1222,-652,0
w,-1,1223,-653,0
w,-1,1224,-654,0
w,-1,1225,-655,0
w,-1,1226,-656,0
w,-1,1227,-657,0
w,-1,1228,-658,0
w,-1,1229,-659,0
w,-1,1230,-660,0
w,-1,1231,-661,0
w,-1,1232,-662,0
w,-1,1233,-663,0
w,-1,1234,-664,0
w,-1,1235,-665,0
w,-1,1236,-666,0
w,-1,1237,-667,0
w,-1,1238,-668,0
w,-1,1239,-669,0
w,-1,1240,-670,0
w,-1,1241,-671,0
w,-1,1242,-672,0
q,1,1243,-671,0
w,-1,1244,-672,0
w,-1,1245,-673,0
q,1,1246,-672,0
w,-1,1247,-673,0
w,-1,1248,-674,0
w,-1,1249,-675,0
w,-1,1250,-676,0
q,1,1251,-675,0
w,-1,1252,-676,0
q,1,1253,-675,0
q,1,1254,-674,0
w,-1,1255,-675,0
w,-1,1256,-676,0
w,-1,1257,-677,0
w,-1,1258,-678,0
w,-1,1259,-679,0
w,-1,1260,-680,0
w,-1,1261,-681,0
w,-1,1262,-682,0
w,-1,1263,-683,0
w,-1,1264,-684,0
q,1,1265,-683,0
w,-1,1266,-684,0
w,-1,1267,-685,0
w,-1,1268,-686,0
q,1,1269,-685,0
w,-1,1270,-686,0
q,1,1271,-685,0
w,-1,1272,-686,0
w,-1,1273,-687,0
w,-1,1274,-688,0
w,-1,1275,-689,0
w,-1,1276,-690,0
w,-1,1277,-691,0
w,-1,1278,-692,0
w,-1,1279,-693,0
w,-1,1280,-694,0
w,-1,1281,-695,0
w,-1,1282,-696,0
w,-1,1283,-697,0
w,-1,1284,-698,0
w,-1,1285,-699,0
q,1,1286,-698,0
w,-1,1287,-699,0
q,1,1288,-698,0
w,-1,1289,-699,0
w,-1,1290,-700,0
w,-1,1291,-701,0
w,-1,1292,-702,0
w,-1,1293,-703,0
w,-1,1294,-704,0
w,-1,1295,-705,0
w,-1,1296,-706,0
w,-1,1297,-707,0
w,-1,1298,-708,0
w,-1,1299,-709,0
w,-1,1300,-710,0
q,1,1301,-709,0
w,-1,1302,-710,0
q,1,1303,-709,0
w,-1,1304,-710,0
w,-1,1305,-711,0
q,1,1306,-710,0
w,-1,1307,-711,0
w,-1,1308,-712,0
w,-1,1309,-713,0
q,1,1310,-712,0
w,-1,1311,-713,0
w,-1,1312,-714,0
w,-1,1313,-715,0
w,-1,1314,-716,0
q,1,1315,-715,0
w,-1,1316,-716,0
q,1,1317,-715,0
w,-1,1318,-716,0
w,-1,1319,-717,0
w,-1,1320,-718,0
w,-1,1321,-719,0
w,-1,1322,-720,0
w,-1,1323,-721,0
w,-1,1324,-722,0
w,-1,1325,-723,0
w,-1,1326,-724,0
w,-1,1327,-725,0
w,-1,1328,-726,0
q,1,1329,-725,0
w,-1,1330,-726,0
q,1,1331,-725,0
w,-1,1332,-726,0
w,-1,1333,-727,0
w,-1,1334,-728,0
w,-1,1335,-729,0
q,1,1336,-728,0
w,-1,1337,-729,0
q,1,1338,-728,0
w,-1,1339,-729,0
w,-1,1340,-730,0
q,1,1341,-729,0
w,-1,1342,-730,0
w,-1,1343,-731,0
q,1,1344,-730,0
w,-1,1345,-731,0
q,1,1346,-730,0
w,-1,1347,-731,0
q,1,1348,-730,0
q,1,1349,-729,0
q,1,1350,-728,0
w,-1,1351,-729,0
q,1,1352,-728,0
q,1,1353,-727,0
w,-1,1354,-728,0
w,-1,1355,-729,0
w,-1,1356,-730,0
q,1,1357,-729,0
w,-1,1358,-730,0
w,-1,1359,-731,0
w,-1,1360,-732,0
q,1,1361,-731,0
w,-1,1362,-732,0
q,1,1363,-731,0
q,1,1364,-730,0
w,-1,1365,-731,0
w,-1,1366,-732,0
w,-1,1367,-733,0
w,-1,1368,-734,0
w,-1,1369,-735,0
w,-1,1370,-736,0
w,-1,1371,-737,0
w,-1,1372,-738,0
w,-1,1373,-739,0
w,-1,1374,-740,0
w,-1,1375,-741,0
w,-1,1376,-742,0
w,-1,1377,-743,0
w,-1,1378,-744,0
w,-1,1379,-745,0
q,1,1380,-744,0
w,-1,1381,-745,0
q,1,1382,-744,0
w,-1,1383,-745,0
w,-1,1384,-746,0
w,-1,1385,-747,0
w,-1,1386,-748,0
w,-1,1387,-749,0
w,-1,1388,-750,0
w,-1,1389,-751,0
w,-1,1390,-752,0
w,-1,1391,-753,0
w,-1,1392,-754,0
w,-1,1393,-755,0
w,-1,1394,-756,0
q,1,1395,-755,0
w,-1,1396,-756,0
w,-1,1397,-757,0
w,-1,1398,-758,0
w,-1,1399,-759,0
w,-1,1400,-760,0
w,-1,1401,-761,0
q,1,1402,-760,0
w,-1,1403,-761,0
q,1,1404,-760,0
w,-1,1405,-761,0
q,1,1406,-760,0
w,-1,1407,-761,0
w,-1,1408,-762,0
w,-1,1409,-763,0
w,-1,1410,-764,0
w,-1,1411,-765,0
w,-1,1412,-766,0
w,-1,1413,-767,0
w,-1,1414,-768,0
q,1,1415,-767,0
w,-1,1416,-768,0
w,-1,1417,-769,0
q,1,1418,-768,0
w,-1,1419,-769,0
w,-1,1420,-770,0
w,-1,1421,-771,0
w,-1,1422,-772,0
q,1,1423,-771,0
w,-1,1424,-772,0
q,1,1425,-771,0
q,1,1426,-770,0
w,-1,1427,-771,0
w,-1,1428,-772,0
w,-1,1429,-773,0
w,-1,1430,-774,0
q,1,1431,-773,0
w,-1,1432,-774,0
q,1,1433,-773,0
w,-1,1434,-774,0
q,1,1435,-773,0
q,1,1436,-772,0
q,1,1437,-771,0
w,-1,1438,-772,0
q,1,1439,-771,0
w,-1,1440,-772,0
q,1,1441,-771,0
w,-1,1442,-772,0
q,1,1443,-771,0
w,-1,1444,-772,0
w,-1,1445,-773,0
w,-1,1446,-774,0
w,-1,1447,-775,0
w,-1,1448,-776,0
q,1,1449,-775,0
w,-1,1450,-776,0
w,-1,1451,-777,0
w,-1,1452,-778,0
w,-1,1453,-779,0
w,-1,1454,-780,0
w,-1,1455,-781,0
w,-1,1456,-782,0
w,-1,1457,-783,0
w,-1,1458,-784,0
q,1,1459,-783,0
w,-1,1460,-784,0
q,1,1461,-783,0
q,1,1462,-782,0
q,1,1463,-781,0
w,-1,1464,-782,0
w,-1,1465,-783,0
w,-1,1466,-784,0
w,-1,1467,-785,0
w,-1,1468,-786,0
w,-1,1469,-787,0
w,-1,1470,-788,0
w,-1,1471,-789,0
w,-1,1472,-790,0
w,-1,1473,-791,0
q,1,1474,-790,0
w,-1,1475,-791,0
w,-1,1476,-792,0
w,-1,1477,-793,0
w,-1,1478,-794,0
w,-1,1479,-795,0
q,1,1480,-794,0
w,-1,1481,-795,0
w,-1,1482,-796,0
w,-1,1483,-797,0
w,-1,1484,-798,0
w,-1,1485,-799,0
w,-1,1486,-800,0
q,1,1487,-799,0
w,-1,1488,-800,0
q,1,1489,-799,0
w,-1,1490,-800,0
q,1,1491,-799,0
w,-1,1492,-800,0
w,-1,1493,-801,0
w,-1,1494,-802,0
w,-1,1495,-803,0
w,-1,1496,-804,0
q,1,1497,-803,0
w,-1,1498,-804,0
w,-1,1499,-805,0
w,-1,1500,-806,0
w,-1,1501,-807,0
q,1,1502,-806,0
w,-1,1503,-807,0
q,1,1504,-806,0
w,-1,1505,-807,0
w,-1,1506,-808,0
w,-1,1507,-809,0
w,-1,1508,-810,0
w,-1,1509,-811,0
q,1,1510,-810,0
w,-1,1511,-811,0
w,-1,1512,-812,0
q,1,1513,-811,0
w,-1,1514,-812,0
w,-1,1515,-813,0
w,-1,1516,-814,0
w,-1,1517,-815,0
w,-1,1518,-816,0
w,-1,1519,-817,0
w,-1,1520,-818,0
q,1,1521,-817,0
w,-1,1522,-818,0
w,-1,1523,-819,0
w,-1,1524,-820,0
w,-1,1525,-821,0
w,-1,1526,-822,0
w,-1,1527,-823,0
w,-1,1528,-824,0
q,1,1529,-823,0
w,-1,1530,-824,0
q,1,1531,-823,0
w,-1,1532,-824,0
w,-1,1533,-825,0
w,-1,1534,-826,0
w,-1,1535,-827,0
w,-1,1536,-828,0
w,-1,1537,-829,0
w,-1,1538,-830,0
w,-1,1539,-831,0
q,1,1540,-830,0
w,-1,1541,-831,0
q,1,1542,-830,0
w,-1,1543,-831,0
w,-1,1544,-832,0
w,-1,1545,-833,0
w,-1,1546,-834,0
w,-1,1547,-835,0
w,-1,1548,-836,0
w,-1,1549,-837,0
w,-1,1550,-838,0
q,1,1551,-837,0
w,-1,1552,-838,0
w,-1,1553,-839,0
w,-1,1554,-840,0
w,-1,1555,-841,0
w,-1,1556,-842,0
w,-1,1557,-843,0
w,-1,1558,-844,0
q,1,1559,-843,0
w,-1,1560,-844,0
q,1,1561,-843,0
w,-1,1562,-844,0
w,-1,1563,-845,0
w,-1,1564,-846,0
q,1,1565,-845,0
w,-1,1566,-846,0
w,-1,1567,-847,0
w,-1,1568,-848,0
w,-1,1569,-849,0
w,-1,1570,-850,0
w,-1,1571,-851,0
w,-1,1572,-852,0
w,-1,1573,-853,0
w,-1,1574,-854,0
w,-1,1575,-855,0
w,-1,1576,-856,0
w,-1,1577,-857,0
w,-1,1578,-858,0
w,-1,1579,-859,0
w,-1,1580,-860,0
w,-1,1581,-861,0
w,-1,1582,-862,0
q,1,1583,-861,0
w,-1,1584,-862,0
w,-1,1585,-863,0
w,-1,1586,-864,0
w,-1,1587,-865,0
w,-1,1588,-866,0
q,1,1589,-865,0
w,-1,1590,-866,0
q,1,1591,-865,0
w,-1,1592,-866,0
w,-1,1593,-867,0
q,1,1594,-866,0
w,-1,1595,-867,0
w,-1,1596,-868,0
q,1,1597,-867,0
w,-1,1598,-868,0
q,1,1599,-867,0
w,-1,1600,-868,0
w,-1,1601,-869,0
w,-1,1602,-870,0
q,1,1603,-869,0
w,-1,1604,-870,0
w,-1,1605,-871,0
w,-1,1606,-872,0
q,1,1607,-871,0
w,-1,1608,-872,0
w,-1,1609,-873,0
q,1,1610,-872,0
w,-1,1611,-873,0
w,-1,1612,-874,0
w,-1,1613,-875,0
w,-1,1614,-876,0
w,-1,1615,-877,0
w,-1,1616,-878,0
w,-1,1617,-879,0
q,1,1618,-878,0
w,-1,1619,-879,0
q,1,1620,-878,0
w,-1,1621,-879,0
q,1,1622,-878,0
q,1,1623,-877,0
w,-1,1624,-878,0
w,-1,1625,-879,0
w,-1,1626,-880,0
w,-1,1627,-881,0
w,-1,1628,-882,0
q,1,1629,-881,0
w,-1,1630,-882,0
q,1,1631,-881,0
q,1,1632,-880,0
q,1,1633,-879,0
w,-1,1634,-880,0
w,-1,1635,-881,0
q,1,1636,-880,0
w,-1,1637,-881,0
q,1,1638,-880,0
w,-1,1639,-881,0
q,1,1640,-880,0
w,-1,1641,-881,0
q,1,1642,-880,0
w,-1,1643,-881,0
w,-1,1644,-882,0
w,-1,1645,-883,0
w,-1,1646,-884,0
w,-1,1647,-885,0
q,1,1648,-884,0
w,-1,1649,-885,0
q,1,1650,-884,0
w,-1,1651,-885,0
w,-1,1652,-886,0
q,1,1653,-885,0
w,-1,1654,-886,0
q,1,1655,-885,0
w,-1,1656,-886,0
w,-1,1657,-887,0
w,-1,1658,-888,0
w,-1,1659,-889,0
w,-1,1660,-890,0
w,-1,1661,-891,0
w,-1,1662,-892,0
q,1,1663,-891,0
w,-1,1664,-892,0
q,1,1665,-891,0
w,-1,1666,-892,0
w,-1,1667,-893,0
w,-1,1668,-894,0
w,-1,1669,-895,0
w,-1,1670,-896,0
w,-1,1671,-897,0
w,-1,1672,-898,0
w,-1,1673,-899,0
w,-1,1674,-900,0
w,-1,1675,-901,0
w,-1,1676,-902,0
q,1,1677,-901,0
w,-1,1678,-902,0
w,-1,1679,-903,0
w,-1,1680,-904,0
w,-1,1681,-905,0
w,-1,1682,-906,0
w,-1,1683,-907,0
w,-1,1684,-908,0
w,-1,1685,-909,0
q,1,1686,-908,0
w,-1,1687,-909,0
q,1,1688,-908,0
q,1,1689,-907,0
w,-1,1690,-908,0
w,-1,1691,-909,0
q,1,1692,-908,0
w,-1,1693,-909,0
q,1,1694,-908,0
w,-1,1695,-909,0
w,-1,1696,-910,0
w,-1,1697,-911,0
q,1,1698,-910,0
w,-1,1699,-911,0
w,-1,1700,-912,0
w,-1,1701,-913,0
w,-1,1702,-914,0
w,-1,1703,-915,0
w,-1,1704,-916,0
w,-1,1705,-917,0
w,-1,1706,-918,0
q,1,1707,-917,0
w,-1,1708,-918,0
w,-1,1709,-919,0
w,-1,1710,-920,0
w,-1,1711,-921,0
w,-1,1712,-922,0
w,-1,1713,-923,0
q,1,1714,-922,0
w,-1,1715,-923,0
q,1,1716,-922,0
w,-1,1717,-923,0
q,1,1718,-922,0
q,1,1719,-921,0
w,-1,1720,-922,0
w,-1,1721,-923,0
w,-1,1722,-924,0
w,-1,1723,-925,0
w,-1,1724,-926,0
w,-1,1725,-927,0
q,1,1726,-926,0
w,-1,1727,-927,0
q,1,1728,-926,0
q,1,1729,-925,0
w,-1,1730,-926,0
w,-1,1731,-927,0
w,-1,1732,-928,0
q,1,1733,-927,0
w,-1,1734,-928,0
q,1,1735,-927,0
w,-1,1736,-928,0
q,1,1737,-927,0
w,-1,1738,-928,0
q,1,1739,-927,0
q,1,1740,-926,0
w,-1,1741,-927,0
w,-1,1742,-928,0
w,-1,1743,-929,0
q,1,1744,-928,0
w,-1,1745,-929,0
q,1,1746,-928,0
w,-1,1747,-929,0
w,-1,1748,-930,0
w,-1,1749,-931,0
w,-1,1750,-932,0
w,-1,1751,-933,0
w,-1,1752,-934,0
q,1,1753,-933,0
w,-1,1754,-934,0
q,1,1755,-933,0
w,-1,1756,-934,0
q,1,1757,-933,0
w,-1,1758,-934,0
w,-1,1759,-935,0
w,-1,1760,-936,0
q,1,1761,-935,0
w,-1,1762,-936,0
q,1,1763,-935,0
w,-1,1764,-936,0
q,1,1765,-935,0
q,1,1766,-934,0
q,1,1767,-933,0
q,1,1768,-932,0
w,-1,1769,-933,0
w,-1,1770,-934,0
w,-1,1771,-935,0
q,1,1772,-934,0
w,-1,1773,-935,0
q,1,1774,-934,0
q,1,1775,-933,0
w,-1,1776,-934,0
w,-1,1777,-935,0
w,-1,1778,-936,0
w,-1,1779,-937,0
w,-1,1780,-938,0
q,1,1781,-937,0
w,-1,1782,-938,0
w,-1,1783,-939,0
w,-1,1784,-940,0
w,-1,1785,-941,0
w,-1,1786,-942,0
w,-1,1787,-943,0
w,-1,1788,-944,0
q,1,1789,-943,0
w,-1,1790,-944,0
q,1,1791,-943,0
w,-1,1792,-944,0
w,-1,1793,-945,0
w,-1,1794,-946,0
q,1,1795,-945,0
w,-1,1796,-946,0
w,-1,1797,-947,0
w,-1,1798,-948,0
q,1,1799,-947,0
w,-1,1800,-948,0
w,-1,1801,-949,0
w,-1,1802,-950,0
w,-1,1803,-951,0
w,-1,1804,-952,0
w,-1,1805,-953,0
w,-1,1806,-954,0
w,-1,1807,-955,0
w,-1,1808,-956,0
w,-1,1809,-957,0
w,-1,1810,-958,0
w,-1,1811,-959,0
w,-1,1812,-960,0
w,-1,1813,-961,0
w,-1,1814,-962,0
w,-1,1815,-963,0
w,-1,1816,-964,0
w,-1,1817,-965,0
w,-1,1818,-966,0
w,-1,1819,-967,0
w,-1,1820,-968,0
w,-1,1821,-969,0
w,-1,1822,-970,0
w,-1,1823,-971,0
w,-1,1824,-972,0
w,-1,1825,-973,0
w,-1,1826,-974,0
w,-1,1827,-975,0
q,1,1828,-974,0
w,-1,1829,-975,0
w,-1,1830,-976,0
w,-1,1831,-977,0
w,-1,1832,-978,0
w,-1,1833,-979,0
q,1,1834,-978,0
w,-1,1835,-979,0
q,1,1836,-978,0
q,1,1837,-977,0
q,1,1838,-976,0
w,-1,1839,-977,0
w,-1,1840,-978,0
w,-1,1841,-979,0
w,-1,1842,-980,0
q,1,1843,-979,0
w,-1,1844,-980,0
q,1,1845,-979,0
q,1,1846,-978,0
w,-1,1847,-979,0
q,1,1848,-978,0
w,-1,1849,-979,0
w,-1,1850,-980,0
w,-1,1851,-981,0
w,-1,1852,-982,0
q,1,1853,-981,0
w,-1,1854,-982,0
w,-1,1855,-983,0
w,-1,1856,-984,0
w,-1,1857,-985,0
w,-1,1858,-986,0
w,-1,1859,-987,0
w,-1,1860,-988,0
w,-1,1861,-989,0
w,-1,1862,-990,0
w,-1,1863,-991,0
q,1,1864,-990,0
w,-1,1865,-991,0
w,-1,1866,-992,0
w,-1,1867,-993,0
w,-1,1868,-994,0
w,-1,1869,-995,0
w,-1,1870,-996,0
w,-1,1871,-997,0
w,-1,1872,-998,0
q,1,1873,-997,0
w,-1,1874,-998,0
q,1,1875,-997,0
w,-1,1876,-998,0
w,-1,1877,-999,0
q,1,1878,-998,0
w,-1,1879,-999,0
q,1,1880,-998,0
w,-1,1881,-999,0
w,-1,1882,-1000,0
w,-1,1883,-1001,0
q,1,1884,-1000,0
w,-1,1885,-1001,0
q,1,1886,-1000,0
w,-1,1887,-1001,0
w,-1,1888,-1002,0
w,-1,1889,-1003,0
w,-1,1890,-1004,0
w,-1,1891,-1005,0
q,1,1892,-1004,0
w,-1,1893,-1005,0
q,1,1894,-1004,0
q,1,1895,-1003,0
w,-1,1896,-1004,0
w,-1,1897,-1005,0
w,-1,1898,-1006,0
w,-1,1899,-1007,0
w,-1,1900,-1008,0
w,-1,1901,-1009,0
w,-1,1902,-1010,0
w,-1,1903,-1011,0
w,-1,1904,-1012,0
w,-1,1905,-1013,0
q,1,1906,-1012,0
w,-1,1907,-1013,0
w,-1,1908,-1014,0
q,1,1909,-1013,0
w,-1,1910,-1014,0
w,-1,1911,-1015,0
q,1,1912,-1014,0
w,-1,1913,-1015,0
q,1,1914,-1014,0
w,-1,1915,-1015,0
w,-1,1916,-1016,0
w,-1,1917,-1017,0
w,-1,1918,-1018,0
w,-1,1919,-1019,0
w,-1,1920,-1020,0
q,1,1921,-1019,0
w,-1,1922,-1020,0
q,1,1923,-1019,0
q,1,1924,-1018,0
w,-1,1925,-1019,0
q,1,1926,-1018,0
w,-1,1927,-1019,0
w,-1,1928,-1020,0
w,-1,1929,-1021,0
w,-1,1930,-1022,0
w,-1,1931,-1023,0
w,-1,1932,-1024,0
w,-1,1933,-1025,0
w,-1,1934,-1026,0
w,-1,1935,-1027,0
q,1,1936,-1026,0
w,-1,1937,-1027,0
w,-1,1938,-1028,0
w,-1,1939,-1029,0
w,-1,1940,-1030,0
w,-1,1941,-1031,0
w,-1,1942,-1032,0
w,-1,1943,-1033,0
q,1,1944,-1032,0
w,-1,1945,-1033,0
q,1,1946,-1032,0
w,-1,1947,-1033,0
w,-1,1948,-1034,0
w,-1,1949,-1035,0
w,-1,1950,-1036,0
q,1,1951,-1035,0
w,-1,1952,-1036,0
q,1,1953,-1035,0
w,-1,1954,-1036,0
w,-1,1955,-1037,0
w,-1,1956,-1038,0
w,-1,1957,-1039,0
w,-1,1958,-1040,0
w,-1,1959,-1041,0
w,-1,1960,-1042,0
q,1,1961,-1041,0
w,-1,1962,-1042,0
w,-1,1963,-1043,0
w,-1,1964,-1044,0
w,-1,1965,-1045,0
w,-1,1966,-1046,0
w,-1,1967,-1047,0
w,-1,1968,-1048,0
q,1,1969,-1047,0
w,-1,1970,-1048,0
q,1,1971,-1047,0
w,-1,1972,-1048,0
w,-1,1973,-1049,0
w,-1,1974,-1050,0
q,1,1975,-1049,0
w,-1,1976,-1050,0
w,-1,1977,-1051,0
w,-1,1978,-1052,0
q,1,1979,-1051,0
w,-1,1980,-1052,0
q,1,1981,-1051,0
w,-1,1982,-1052,0
q,1,1983,-1051,0
q,1,1984,-1050,0
w,-1,1985,-1051,0
w,-1,1986,-1052,0
w,-1,1987,-1053,0
w,-1,1988,-1054,0
w,-1,1989,-1055,0
w,-1,1990,-1056,0
w,-1,1991,-1057,0
w,-1,1992,-1058,0
w,-1,1993,-1059,0
w,-1,1994,-1060,0
w,-1,1995,-1061,0
w,-1,1996,-1062,0
w,-1,1997,-1063,0
w,-1,1998,-1064,0
q,1,1999,-1063,0
w,-1,2000,-1064,0
w,-1,2001,-1065,0
w,-1,2002,-1066,0
q,1,2003,-1065,0
w,-1,2004,-1066,0
w,-1,2005,-1067,0
w,-1,2006,-1068,0
w,-1,2007,-1069,0
w,-1,2008,-1070,0
q,1,2009,-1069,0
w,-1,2010,-1070,0
w,-1,2011,-1071,0
w,-1,2012,-1072,0
q,1,2013,-1071,0
w,-1,2014,-1072,0
w,-1,2015,-1073,0
w,-1,2016,-1074,0
w,-1,2017,-1075,0
w,-1,2018,-1076,0
q,1,2019,-1075,0
w,-1,2020,-1076,0
w,-1,2021,-1077,0
w,-1,2022,-1078,0
w,-1,2023,-1079,0
w,-1,2024,-1080,0
w,-1,2025,-1081,0
w,-1,2026,-1082,0
w,-1,2027,-1083,0
w,-1,2028,-1084,0
w,-1,2029,-1085,0
w,-1,2030,-1086,0
w,-1,2031,-1087,0
q,1,2032,-1086,0
w,-1,2033,-1087,0
w,-1,2034,-1088,0
w,-1,2035,-1089,0
w,-1,2036,-1090,0
w,-1,2037,-1091,0
w,-1,2038,-1092,0
w,-1,2039,-1093,0
w,-1,2040,-1094,0
w,-1,2041,-1095,0
w,-1,2042,-1096,0
w,-1,2043,-1097,0
w,-1,2044,-1098,0
q,1,2045,-1097,0
w,-1,2046,-1098,0
w,-1,2047,-1099,0
w,-1,2048,-1100,0
q,1,2049,-1099,0
w,-1,2050,-1100,0
q,1,2051,-1099,0
w,-1,2052,-1100,0
q,1,2053,-1099,0
w,-1,2054,-1100,0
w,-1,2055,-1101,0
w,-1,2056,-1102,0
w,-1,2057,-1103,0
w,-1,2058,-1104,0
w,-1,2059,-1105,0
q,1,2060,-1104,0
w,-1,2061,-1105,0
w,-1,2062,-1106,0
w,-1,2063,-1107,0
w,-1,2064,-1108,0
w,-1,2065,-1109,0
w,-1,2066,-1110,0
w,-1,2067,-1111,0
w,-1,2068,-1112,0
w,-1,2069,-1113,0
w,-1,2070,-1114,0
w,-1,2071,-1115,0
w,-1,2072,-1116,0
q,1,2073,-1115,0
w,-1,2074,-1116,0
q,1,2075,-1115,0
q,1,2076,-1114,0
q,1,2077,-1113,0
w,-1,2078,-1114,0
w,-1,2079,-1115,0
w,-1,2080,-1116,0
w,-1,2081,-1117,0
q,1,2082,-1116,0
w,-1,2083,-1117,0
q,1,2084,-1116,0
w,-1,2085,-1117,0
w,-1,2086,-1118,0
w,-1,2087,-1119,0
w,-1,2088,-1120,0
w,-1,2089,-1121,0
q,1,2090,-1120,0
w,-1,2091,-1121,0
q,1,2092,-1120,0
q,1,2093,-1119,0
w,-1,2094,-1120,0
w,-1,2095,-1121,0
w,-1,2096,-1122,0
w,-1,2097,-1123,0
w,-1,2098,-1124,0
q,1,2099,-1123,0
w,-1,2100,-1124,0
q,1,2101,-1123,0
q,1,2102,-1122,0
q,1,2103,-1121,0
w,-1,2104,-1122,0
w,-1,2105,-1123,0
w,-1,2106,-1124,0
w,-1,2107,-1125,0
q,1,2108,-1124,0
w,-1,2109,-1125,0
q,1,2110,-1124,0
w,-1,2111,-1125,0
w,-1,2112,-1126,0
w,-1,2113,-1127,0
w,-1,2114,-1128,0
w,-1,2115,-1129,0
w,-1,2116,-1130,0
w,-1,2117,-1131,0
q,1,2118,-1130,0
w,-1,2119,-1131,0
w,-1,2120,-1132,0
w,-1,2121,-1133,0
w,-1,2122,-1134,0
w,-1,2123,-1135,0
w,-1,2124,-1136,0
q,1,2125,-1135,0
w,-1,2126,-1136,0
w,-1,2127,-1137,0
q,1,2128,-1136,0
w,-1,2129,-1137,0
w,-1,2130,-1138,0
w,-1,2131,-1139,0
q,1,2132,-1138,0
w,-1,2133,-1139,0
w,-1,2134,-1140,0
w,-1,2135,-1141,0
w,-1,2136,-1142,0
w,-1,2137,-1143,0
w,-1,2138,-1144,0
w,-1,2139,-1145,0
q,1,2140,-1144,0
w,-1,2141,-1145,0
w,-1,2142,-1146,0
w,-1,2143,-1147,0
q,1,2144,-1146,0
w,-1,2145,-1147,0
w,-1,2146,-1148,0
q,1,2147,-1147,0
w,-1,2148,-1148,0
q,1,2149,-1147,0
q,1,2150,-1146,0
w,-1,2151,-1147,0
w,-1,2152,-1148,0
w,-1,2153,-1149,0
w,-1,2154,-1150,0
q,1,2155,-1149,0
w,-1,2156,-1150,0
w,-1,2157,-1151,0
w,-1,2158,-1152,0
w,-1,2159,-1153,0
w,-1,2160,-1154,0
q,1,2161,-1153,0
w,-1,2162,-1154,0
w,-1,2163,-1155,0
w,-1,2164,-1156,0
q,1,2165,-1155,0
w,-1,2166,-1156,0
q,1,2167,-1155,0
w,-1,2168,-1156,0
q,1,2169,-1155,0
q,1,2170,-1154,0
w,-1,2171,-1155,0
w,-1,2172,-1156,0
w,-1,2173,-1157,0
q,1,2174,-1156,0
w,-1,2175,-1157,0
w,-1,2176,-1158,0
w,-1,2177,-1159,0
w,-1,2178,-1160,0
w,-1,2179,-1161,0
w,-1,2180,-1162,0
w,-1,2181,-1163,0
w,-1,2182,-1164,0
w,-1,2183,-1165,0
w,-1,2184,-1166,0
w,-1,2185,-1167,0
w,-1,2186,-1168,0
w,-1,2187,-1169,0
w,-1,2188,-1170,0
w,-1,2189,-1171,0
w,-1,2190,-1172,0
w,-1,2191,-1173,0
q,1,2192,-1172,0
w,-1,2193,-1173,0
w,-1,2194,-1174,0
w,-1,2195,-1175,0
q,1,2196,-1174,0
w,-1,2197,-1175,0
q,1,2198,-1174,0
w,-1,2199,-1175,0
w,-1,2200,-1176,0
w,-1,2201,-1177,0
w,-1,2202,-1178,0
w,-1,2203,-1179,0
w,-1,2204,-1180,0
w,-1,2205,-1181,0
q,1,2206,-1180,0
w,-1,2207,-1181,0
w,-1,2208,-1182,0
w,-1,2209,-1183,0
w,-1,2210,-1184,0
w,-1,2211,-1185,0
w,-1,2212,-1186,0
w,-1,2213,-1187,0
w,-1,2214,-1188,0
w,-1,2215,-1189,0
q,1,2216,-1188,0
w,-1,2217,-1189,0
w,-1,2218,-1190,0
q,1,2219,-1189,0
w,-1,2220,-1190,0
q,1,2221,-1189,0
w,-1,2222,-1190,0
w,-1,2223,-1191,0
w,-1,2224,-1192,0
q,1,2225,-1191,0
w,-1,2226,-1192,0
q,1,2227,-1191,0
w,-1,2228,-1192,0
q,1,2229,-1191,0
w,-1,2230,-1192,0
w,-1,2231,-1193,0
w,-1,2232,-1194,0
w,-1,2233,-1195,0
w,-1,2234,-1196,0
w,-1,2235,-1197,0
w,-1,2236,-1198,0
w,-1,2237,-1199,0
q,1,2238,-1198,0
w,-1,2239,-1199,0
q,1,2240,-1198,0
q,1,2241,-1197,0
w,-1,2242,-1198,0
w,-1,2243,-1199,0
w,-1,2244,-1200,0
w,-1,2245,-1201,0
q,1,2246,-1200,0
w,-1,2247,-1201,0
w,-1,2248,-1202,0
w,-1,2249,-1203,0
w,-1,2250,-1204,0
w,-1,2251,-1205,0
w,-1,2252,-1206,0
w,-1,2253,-1207,0
w,-1,2254,-1208,0
w,-1,2255,-1209,0
w,-1,2256,-1210,0
w,-1,2257,-1211,0
q,1,2258,-1210,0
w,-1,2259,-1211,0
w,-1,2260,-1212,0
w,-1,2261,-1213,0
q,1,2262,-1212,0
w,-1,2263,-1213,0
w,-1,2264,-1214,0
w,-1,2265,-1215,0
q,1,2266,-1214,0
w,-1,2267,-1215,0
q,1,2268,-1214,0
w,-1,2269,-1215,0
w,-1,2270,-1216,0
w,-1,2271,-1217,0
w,-1,2272,-1218,0
w,-1,2273,-1219,0
q,1,2274,-1218,0
w,-1,2275,-1219,0
w,-1,2276,-1220,0
w,-1,2277,-1221,0
w,-1,2278,-1222,0
w,-1,2279,-1223,0
w,-1,2280,-1224,0
w,-1,2281,-1225,0
w,-1,2282,-1226,0
w,-1,2283,-1227,0
w,-1,2284,-1228,0
w,-1,2285,-1229,0
w,-1,2286,-1230,0
w,-1,2287,-1231,0
w,-1,2288,-1232,0
w,-1,2289,-1233,0
w,-1,2290,-1234,0
w,-1,2291,-1235,0
w,-1,2292,-1236,0
w,-1,2293,-1237,0
w,-1,2294,-1238,0
w,-1,2295,-1239,0
w,-1,2296,-1240,0
w,-1,2297,-1241,0
q,1,2298,-1240,0
w,-1,2299,-1241,0
q,1,2300,-1240,0
q,1,2301,-1239,0
w,-1,2302,-1240,0
w,-1,2303,-1241,0
w,-1,2304,-1242,0
w,-1,2305,-1243,0
w,-1,2306,-1244,0
q,1,2307,-1243,0
w,-1,2308,-1244,0
q,1,2309,-1243,0
w,-1,2310,-1244,0
q,1,2311,-1243,0
q,1,2312,-1242,0
w,-1,2313,-1243,0
w,-1,2314,-1244,0
w,-1,2315,-1245,0
w,-1,2316,-1246,0
w,-1,2317,-1247,0
w,-1,2318,-1248,0
q,1,2319,-1247,0
w,-1,2320,-1248,0
w,-1,2321,-1249,0
w,-1,2322,-1250,0
w,-1,2323,-1251,0
w,-1,2324,-1252,0
w,-1,2325,-1253,0
w,-1,2326,-1254,0
w,-1,2327,-1255,0
w,-1,2328,-1256,0
w,-1,2329,-1257,0
q,1,2330,-1256,0
w,-1,2331,-1257,0
w,-1,2332,-1258,0
w,-1,2333,-1259,0
w,-1,2334,-1260,0
w,-1,2335,-1261,0
w,-1,2336,-1262,0
w,-1,2337,-1263,0
w,-1,2338,-1264,0
w,-1,2339,-1265,0
w,-1,2340,-1266,0
w,-1,2341,-1267,0
w,-1,2342,-1268,0
w,-1,2343,-1269,0
w,-1,2344,-1270,0
w,-1,2345,-1271,0
w,-1,2346,-1272,0
w,-1,2347,-1273,0
q,1,2348,-1272,0
w,-1,2349,-1273,0
q,1,2350,-1272,0
w,-1,2351,-1273,0
q,1,2352,-1272,0
q,1,2353,-1271,0
w,-1,2354,-1272,0
w,-1,2355,-1273,0
w,-1,2356,-1274,0
w,-1,2357,-1275,0
w,-1,2358,-1276,0
q,1,2359,-1275,0
w,-1,2360,-1276,0
q,1,2361,-1275,0
w,-1,2362,-1276,0
w,-1,2363,-1277,0
w,-1,2364,-1278,0
w,-1,2365,-1279,0
q,1,2366,-1278,0
w,-1,2367,-1279,0
w,-1,2368,-1280,0
w,-1,2369,-1281,0
w,-1,2370,-1282,0
w,-1,2371,-1283,0
w,-1,2372,-1284,0
w,-1,2373,-1285,0
w,-1,2374,-1286,0
w,-1,2375,-1287,0
w,-1,2376,-1288,0
w,-1,2377,-1289,0
w,-1,2378,-1290,0
q,1,2379,-1289,0
w,-1,2380,-1290,0
w,-1,2381,-1291,0
w,-1,2382,-1292,0
w,-1,2383,-1293,0
w,-1,2384,-1294,0
w,-1,2385,-1295,0
w,-1,2386,-1296,0
w,-1,2387,-1297,0
w,-1,2388,-1298,0
w,-1,2389,-1299,0
w,-1,2390,-1300,0
w,-1,2391,-1301,0
w,-1,2392,-1302,0
w,-1,2393,-1303,0
w,-1,2394,-1304,0
w,-1,2395,-1305,0
w,-1,2396,-1306,0
w,-1,2397,-1307,0
w,-1,2398,-1308,0
w,-1,2399,-1309,0
w,-1,2400,-1310,0
w,-1,2401,-1311,0
w,-1,2402,-1312,0
w,-1,2403,-1313,0
w,-1,2404,-1314,0
w,-1,2405,-1315,0
w,-1,2406,-1316,0
w,-1,2407,-1317,0
w,-1,2408,-1318,0
q,1,2409,-1317,0
w,-1,2410,-1318,0
q,1,2411,-1317,0
q,1,2412,-1316,0
w,-1,2413,-1317,0
w,-1,2414,-1318,0
w,-1,2415,-1319,0
w,-1,2416,-1320,0
q,1,2417,-1319,0
w,-1,2418,-1320,0
q,1,2419,-1319,0
w,-1,2420,-1320,0
q,1,2421,-1319,0
w,-1,2422,-1320,0
w,-1,2423,-1321,0
w,-1,2424,-1322,0
w,-1,2425,-1323,0
q,1,2426,-1322,0
w,-1,2427,-1323,0
w,-1,2428,-1324,0
w,-1,2429,-1325,0
w,-1,2430,-1326,0
w,-1,2431,-1327,0
w,-1,2432,-1328,0
w,-1,2433,-1329,0
w,-1,2434,-1330,0
w,-1,2435,-1331,0
q,1,2436,-1330,0
w,-1,2437,-1331,0
w,-1,2438,-1332,0
w,-1,2439,-1333,0
q,1,2440,-1332,0
w,-1,2441,-1333,0
q,1,2442,-1332,0
w,-1,2443,-1333,0
w,-1,2444,-1334,0
w,-1,2445,-1335,0
w,-1,2446,-1336,0
w,-1,2447,-1337,0
w,-1,2448,-1338,0
q,1,2449,-1337,0
w,-1,2450,-1338,0
q,1,2451,-1337,0
w,-1,2452,-1338,0
w,-1,2453,-1339,0
w,-1,2454,-1340,0
w,-1,2455,-1341,0
w,-1,2456,-1342,0
w,-1,2457,-1343,0
w,-1,2458,-1344,0
w,-1,2459,-1345,0
w,-1,2460,-1346,0
w,-1,2461,-1347,0
w,-1,2462,-1348,0
w,-1,2463,-1349,0
w,-1,2464,-1350,0
w,-1,2465,-1351,0
w,-1,2466,-1352,0
w,-1,2467,-1353,0
q,1,2468,-1352,0
w,-1,2469,-1353,0
q,1,2470,-1352,0
w,-1,2471,-1353,0
w,-1,2472,-1354,0
w,-1,2473,-1355,0
w,-1,2474,-1356,0
w,-1,2475,-1357,0
w,-1,2476,-1358,0
q,1,2477,-1357,0
w,-1,2478,-1358,0
w,-1,2479,-1359,0
w,-1,2480,-1360,0
w,-1,2481,-1361,0
w,-1,2482,-1362,0
w,-1,2483,-1363,0
w,-1,2484,-1364,0
w,-1,2485,-1365,0
w,-1,2486,-1366,0
w,-1,2487,-1367,0
w,-1,2488,-1368,0
w,-1,2489,-1369,0
w,-1,2490,-1370,0
q,1,2491,-1369,0
w,-1,2492,-1370,0
q,1,2493,-1369,0
w,-1,2494,-1370,0
w,-1,2495,-1371,0
w,-1,2496,-1372,0
w,-1,2497,-1373,0
q,1,2498,-1372,0
w,-1,2499,-1373,0
q,1,2500,-1372,0
q,1,2501,-1371,0
w,-1,2502,-1372,0
w,-1,2503,-1373,0
w,-1,2504,-1374,0
q,1,2505,-1373,0
w,-1,2506,-1374,0
w,-1,2507,-1375,0
q,1,2508,-1374,0
w,-1,2509,-1375,0
w,-1,2510,-1376,0
w,-1,2511,-1377,0
w,-1,2512,-1378,0
q,1,2513,-1377,0
w,-1,2514,-1378,0
w,-1,2515,-1379,0
w,-1,2516,-1380,0
q,1,2517,-1379,0
w,-1,2518,-1380,0
q,1,2519,-1379,0
w,-1,2520,-1380,0
w,-1,2521,-1381,0
w,-1,2522,-1382,0
w,-1,2523,-1383,0
w,-1,2524,-1384,0
q,1,2525,-1383,0
w,-1,2526,-1384,0
w,-1,2527,-1385,0
w,-1,2528,-1386,0
q,1,2529,-1385,0
w,-1,2530,-1386,0
w,-1,2531,-1387,0
w,-1,2532,-1388,0
w,-1,2533,-1389,0
w,-1,2534,-1390,0
w,-1,2535,-1391,0
w,-1,2536,-1392,0
w,-1,2537,-1393,0
w,-1,2538,-1394,0
w,-1,2539,-1395,0
w,-1,2540,-1396,0
w,-1,2541,-1397,0
w,-1,2542,-1398,0
w,-1,2543,-1399,0
w,-1,2544,-1400,0
w,-1,2545,-1401,0
w,-1,2546,-1402,0
w,-1,2547,-1403,0
q,1,2548,-1402,0
w,-1,2549,-1403,0
q,1,2550,-1402,0
w,-1,2551,-1403,0
q,1,2552,-1402,0
q,1,2553,-1401,0
w,-1,2554,-1402,0
w,-1,2555,-1403,0
w,-1,2556,-1404,0
w,-1,2557,-1405,0
q,1,2558,-1404,0
w,-1,2559,-1405,0
w,-1,2560,-1406,0
q,1,2561,-1405,0
w,-1,2562,-1406,0
w,-1,2563,-1407,0
w,-1,2564,-1408,0
w,-1,2565,-1409,0
w,-1,2566,-1410,0
w,-1,2567,-1411,0
w,-1,2568,-1412,0
q,1,2569,-1411,0
w,-1,2570,-1412,0
q,1,2571,-1411,0
w,-1,2572,-1412,0
w,-1,2573,-1413,0
w,-1,2574,-1414,0
w,-1,2575,-1415,0
w,-1,2576,-1416,0
w,-1,2577,-1417,0
w,-1,2578,-1418,0
w,-1,2579,-1419,0
w,-1,2580,-1420,0
w,-1,2581,-1421,0
w,-1,2582,-1422,0
w,-1,2583,-1423,0
w,-1,2584,-1424,0
w,-1,2585,-1425,0
w,-1,2586,-1426,0
w,-1,2587,-1427,0
w,-1,2588,-1428,0
q,1,2589,-1427,0
w,-1,2590,-1428,0
w,-1,2591,-1429,0
w,-1,2592,-1430,0
w,-1,2593,-1431,0
w,-1,2594,-1432,0
q,1,2595,-1431,0
w,-1,2596,-1432,0
q,1,2597,-1431,0
w,-1,2598,-1432,0
w,-1,2599,-1433,0
q,1,2600,-1432,0
w,-1,2601,-1433,0
w,-1,2602,-1434,0
w,-1,2603,-1435,0
w,-1,2604,-1436,0
w,-1,2605,-1437,0
w,-1,2606,-1438,0
w,-1,2607,-1439,0
w,-1,2608,-1440,0
q,1,2609,-1439,0
w,-1,2610,-1440,0
q,1,2611,-1439,0
w,-1,2612,-1440,0
w,-1,2613,-1441,0
w,-1,2614,-1442,0
w,-1,2615,-1443,0
w,-1,2616,-1444,0
q,1,2617,-1443,0
w,-1,2618,-1444,0
w,-1,2619,-1445,0
w,-1,2620,-1446,0
w,-1,2621,-1447,0
w,-1,2622,-1448,0
w,-1,2623,-1449,0
w,-1,2624,-1450,0
w,-1,2625,-1451,0
w,-1,2626,-1452,0
w,-1,2627,-1453,0
w,-1,2628,-1454,0
q,1,2629,-1453,0
w,-1,2630,-1454,0
q,1,2631,-1453,0
q,1,2632,-1452,0
w,-1,2633,-1453,0
w,-1,2634,-1454,0
w,-1,2635,-1455,0
w,-1,2636,-1456,0
q,1,2637,-1455,0
w,-1,2638,-1456,0
q,1,2639,-1455,0
q,1,2640,-1454,0
q,1,2641,-1453,0
w,-1,2642,-1454,0
q,1,2643,-1453,0
w,-1,2644,-1454,0
w,-1,2645,-1455,0
w,-1,2646,-1456,0
w,-1,2647,-1457,0
w,-1,2648,-1458,0
q,1,2649,-1457,0
w,-1,2650,-1458,0
w,-1,2651,-1459,0
w,-1,2652,-1460,0
w,-1,2653,-1461,0
w,-1,2654,-1462,0
w,-1,2655,-1463,0
q,1,2656,-1462,0
w,-1,2657,-1463,0
q,1,2658,-1462,0
w,-1,2659,-1463,0
w,-1,2660,-1464,0
w,-1,2661,-1465,0
w,-1,2662,-1466,0
w,-1,2663,-1467,0
w,-1,2664,-1468,0
w,-1,2665,-1469,0
q,1,2666,-1468,0
w,-1,2667,-1469,0
q,1,2668,-1468,0
w,-1,2669,-1469,0
q,1,2670,-1468,0
w,-1,2671,-1469,0
w,-1,2672,-1470,0
w,-1,2673,-1471,0
w,-1,2674,-1472,0
w,-1,2675,-1473,0
w,-1,2676,-1474,0
q,1,2677,-1473,0
w,-1,2678,-1474,0
q,1,2679,-1473,0
q,1,2680,-1472,0
w,-1,2681,-1473,0
w,-1,2682,-1474,0
w,-1,2683,-1475,0
w,-1,2684,-1476,0
w,-1,2685,-1477,0
q,1,2686,-1476,0
w,-1,2687,-1477,0
w,-1,2688,-1478,0
w,-1,2689,-1479,0
w,-1,2690,-1480,0
w,-1,2691,-1481,0
w,-1,2692,-1482,0
w,-1,2693,-1483,0
q,1,2694,-1482,0
w,-1,2695,-1483,0
w,-1,2696,-1484,0
w,-1,2697,-1485,0
w,-1,2698,-1486,0
q,1,2699,-1485,0
w,-1,2700,-1486,0
w,-1,2701,-1487,0
w,-1,2702,-1488,0
w,-1,2703,-1489,0
q,1,2704,-1488,0
w,-1,2705,-1489,0
q,1,2706,-1488,0
w,-1,2707,-1489,0
w,-1,2708,-1490,0
w,-1,2709,-1491,0
w,-1,2710,-1492,0
w,-1,2711,-1493,0
w,-1,2712,-1494,0
w,-1,2713,-1495,0
w,-1,2714,-1496,0
w,-1,2715,-1497,0
w,-1,2716,-1498,0
w,-1,2717,-1499,0
w,-1,2718,-1500,0
w,-1,2719,-1501,0
q,1,2720,-1500,0
w,-1,2721,-1501,0
w,-1,2722,-1502,0
w,-1,2723,-1503,0
q,1,2724,-1502,0
w,-1,2725,-1503,0
w,-1,2726,-1504,0
w,-1,2727,-1505,0
q,1,2728,-1504,0
w,-1,2729,-1505,0
w,-1,2730,-1506,0
w,-1,2731,-1507,0
w,-1,2732,-1508,0
w,-1,2733,-1509,0
w,-1,2734,-1510,0
w,-1,2735,-1511,0
w,-1,2736,-1512,0
q,1,2737,-1511,0
w,-1,2738,-1512,0
w,-1,2739,-1513,0
w,-1,2740,-1514,0
w,-1,2741,-1515,0
w,-1,2742,-1516,0
w,-1,2743,-1517,0
w,-1,2744,-1518,0
w,-1,2745,-1519,0
w,-1,2746,-1520,0
q,1,2747,-1519,0
w,-1,2748,-1520,0
q,1,2749,-1519,0
q,1,2750,-1518,0
w,-1,2751,-1519,0
w,-1,2752,-1520,0
w,-1,2753,-1521,0
w,-1,2754,-1522,0
w,-1,2755,-1523,0
q,1,2756,-1522,0
w,-1,2757,-1523,0
q,1,2758,-1522,0
q,1,2759,-1521,0
w,-1,2760,-1522,0
w,-1,2761,-1523,0
w,-1,2762,-1524,0
w,-1,2763,-1525,0
w,-1,2764,-1526,0
q,1,2765,-1525,0
w,-1,2766,-1526,0
q,1,2767,-1525,0
w,-1,2768,-1526,0
w,-1,2769,-1527,0
w,-1,2770,-1528,0
w,-1,2771,-1529,0
q,1,2772,-1528,0
w,-1,2773,-1529,0
q,1,2774,-1528,0
w,-1,2775,-1529,0
w,-1,2776,-1530,0
q,1,2777,-1529,0
w,-1,2778,-1530,0
q,1,2779,-1529,0
w,-1,2780,-1530,0
w,-1,2781,-1531,0
w,-1,2782,-1532,0
w,-1,2783,-1533,0
w,-1,2784,-1534,0
w,-1,2785,-1535,0
w,-1,2786,-1536,0
w,-1,2787,-1537,0
q,1,2788,-1536,0
w,-1,2789,-1537,0
q,1,2790,-1536,0
w,-1,2791,-1537,0
w,-1,2792,-1538,0
q,1,2793,-1537,0
w,-1,2794,-1538,0
q,1,2795,-1537,0
w,-1,2796,-1538,0
w,-1,2797,-1539,0
w,-1,2798,-1540,0
w,-1,2799,-1541,0
w,-1,2800,-1542,0
w,-1,2801,-1543,0
q,1,2802,-1542,0
w,-1,2803,-1543,0
q,1,2804,-1542,0
w,-1,2805,-1543,0
w,-1,2806,-1544,0
w,-1,2807,-1545,0
w,-1,2808,-1546,0
q,1,2809,-1545,0
w,-1,2810,-1546,0
q,1,2811,-1545,0
w,-1,2812,-1546,0
w,-1,2813,-1547,0
w,-1,2814,-1548,0
q,1,2815,-1547,0
w,-1,2816,-1548,0
w,-1,2817,-1549,0
q,1,2818,-1548,0
w,-1,2819,-1549,0
w,-1,2820,-1550,0
w,-1,2821,-1551,0
w,-1,2822,-1552,0
w,-1,2823,-1553,0
q,1,2824,-1552,0
w,-1,2825,-1553,0
w,-1,2826,-1554,0
w,-1,2827,-1555,0
w,-1,2828,-1556,0
w,-1,2829,-1557,0
w,-1,2830,-1558,0
w,-1,2831,-1559,0
w,-1,2832,-1560,0
w,-1,2833,-1561,0
w,-1,2834,-1562,0
q,1,2835,-1561,0
w,-1,2836,-1562,0
w,-1,2837,-1563,0
w,-1,2838,-1564,0
w,-1,2839,-1565,0
w,-1,2840,-1566,0
q,1,2841,-1565,0
w,-1,2842,-1566,0
w,-1,2843,-1567,0
w,-1,2844,-1568,0
q,1,2845,-1567,0
w,-1,2846,-1568,0
w,-1,2847,-1569,0
q,1,2848,-1568,0
w,-1,2849,-1569,0
w,-1,2850,-1570,0
w,-1,2851,-1571,0
q,1,2852,-1570,0
w,-1,2853,-1571,0
w,-1,2854,-1572,0
w,-1,2855,-1573,0
q,1,2856,-1572,0
w,-1,2857,-1573,0
w,-1,2858,-1574,0
w,-1,2859,-1575,0
w,-1,2860,-1576,0
q,1,2861,-1575,0
w,-1,2862,-1576,0
w,-1,2863,-1577,0
w,-1,2864,-1578,0
w,-1,2865,-1579,0
w,-1,2866,-1580,0
q,1,2867,-1579,0
w,-1,2868,-1580,0
w,-1,2869,-1581,0
w,-1,2870,-1582,0
w,-1,2871,-1583,0
w,-1,2872,-1584,0
w,-1,2873,-1585,0
w,-1,2874,-1586,0
w,-1,2875,-1587,0
w,-1,2876,-1588,0
q,1,2877,-1587,0
w,-1,2878,-1588,0
q,1,2879,-1587,0
w,-1,2880,-1588,0
q,1,2881,-1587,0
w,-1,2882,-1588,0
q,1,2883,-1587,0
w,-1,2884,-1588,0
q,1,2885,-1587,0
q,1,2886,-1586,0
q,1,2887,-1585,0
q,1,2888,-1584,0
w,-1,2889,-1585,0
w,-1,2890,-1586,0
w,-1,2891,-1587,0
q,1,2892,-1586,0
w,-1,2893,-1587,0
w,-1,2894,-1588,0
w,-1,2895,-1589,0
w,-1,2896,-1590,0
w,-1,2897,-1591,0
w,-1,2898,-1592,0
w,-1,2899,-1593,0
w,-1,2900,-1594,0
w,-1,2901,-1595,0
w,-1,2902,-1596,0
w,-1,2903,-1597,0
w,-1,2904,-1598,0
w,-1,2905,-1599,0
w,-1,2906,-1600,0
w,-1,2907,-1601,0
w,-1,2908,-1602,0
w,-1,2909,-1603,0
w,-1,2910,-1604,0
q,1,2911,-1603,0
w,-1,2912,-1604,0
q,1,2913,-1603,0
w,-1,2914,-1604,0
w,-1,2915,-1605,0
w,-1,2916,-1606,0
w,-1,2917,-1607,0
w,-1,2918,-1608,0
w,-1,2919,-1609,0
w,-1,2920,-1610,0
w,-1,2921,-1611,0
q,1,2922,-1610,0
w,-1,2923,-1611,0
w,-1,2924,-1612,0
w,-1,2925,-1613,0
w,-1,2926,-1614,0
w,-1,2927,-1615,0
w,-1,2928,-1616,0
w,-1,2929,-1617,0
w,-1,2930,-1618,0
w,-1,2931,-1619,0
w,-1,2932,-1620,0
w,-1,2933,-1621,0
w,-1,2934,-1622,0
w,-1,2935,-1623,0
w,-1,2936,-1624,0
w,-1,2937,-1625,0
w,-1,2938,-1626,0
w,-1,2939,-1627,0
w,-1,2940,-1628,0
w,-1,2941,-1629,0
w,-1,2942,-1630,0
w,-1,2943,-1631,0
w,-1,2944,-1632,0
w,-1,2945,-1633,0
q,1,2946,-1632,0
w,-1,2947,-1633,0
w,-1,2948,-1634,0
w,-1,2949,-1635,0
w,-1,2950,-1636,0
w,-1,2951,-1637,0
w,-1,2952,-1638,0
w,-1,2953,-1639,0
q,1,2954,-1638,0
w,-1,2955,-1639,0
w,-1,2956,-1640,0
w,-1,2957,-1641,0
w,-1,2958,-1642,0
w,-1,2959,-1643,0
w,-1,2960,-1644,0
w,-1,2961,-1645,0
w,-1,2962,-1646,0
w,-1,2963,-1647,0
q,1,2964,-1646,0
w,-1,2965,-1647,0
q,1,2966,-1646,0
w,-1,2967,-1647,0
w,-1,2968,-1648,0
w,-1,2969,-1649,0
w,-1,2970,-1650,0
w,-1,2971,-1651,0
w,-1,2972,-1652,0
w,-1,2973,-1653,0
q,1,2974,-1652,0
w,-1,2975,-1653,0
q,1,2976,-1652,0
w,-1,2977,-1653,0
w,-1,2978,-1654,0
w,-1,2979,-1655,0
w,-1,2980,-1656,0
w,-1,2981,-1657,0
w,-1,2982,-1658,0
w,-1,2983,-1659,0
w,-1,2984,-1660,0
w,-1,2985,-1661,0
w,-1,2986,-1662,0
q,1,2987,-1661,0
w,-1,2988,-1662,0
q,1,2989,-1661,0
w,-1,2990,-1662,0
w,-1,2991,-1663,0
w,-1,2992,-1664,0
w,-1,2993,-1665,0
w,-1,2994,-1666,0
w,-1,2995,-1667,0
w,-1,2996,-1668,0
w,-1,2997,-1669,0
w,-1,2998,-1670,0
q,1,2999,-1669,0
w,-1,3000,-1670,0
w,-1,3001,-1671,0
q,1,3002,-1670,0
q,1,3003,-1669,0
w,-1,3004,-1670,0
w,-1,3005,-1671,0
q,1,3006,-1670,0
w,-1,3007,-1671,0
w,-1,3008,-1672,0
w,-1,3009,-1673,0
w,-1,3010,-1674,0
w,-1,3011,-1675,0
w,-1,3012,-1676,0
w,-1,3013,-1677,0
w,-1,3014,-1678,0
w,-1,3015,-1679,0
w,-1,3016,-1680,0
q,1,3017,-1679,0
w,-1,3018,-1680,0
w,-1,3019,-1681,0
w,-1,3020,-1682,0
w,-1,3021,-1683,0
w,-1,3022,-1684,0
w,-1,3023,-1685,0
w,-1,3024,-1686,0
w,-1,3025,-1687,0
q,1,3026,-1686,0
w,-1,3027,-1687,0
q,1,3028,-1686,0
w,-1,3029,-1687,0
w,-1,3030,-1688,0
w,-1,3031,-1689,0
w,-1,3032,-1690,0
q,1,3033,-1689,0
w,-1,3034,-1690,0
w,-1,3035,-1691,0
w,-1,3036,-1692,0
w,-1,3037,-1693,0
w,-1,3038,-1694,0
w,-1,3039,-1695,0
w,-1,3040,-1696,0
w,-1,3041,-1697,0
w,-1,3042,-1698,0
q,1,3043,-1697,0
w,-1,3044,-1698,0
w,-1,3045,-1699,0
w,-1,3046,-1700,0
w,-1,3047,-1701,0
q,1,3048,-1700,0
w,-1,3049,-1701,0
q,1,3050,-1700,0
w,-1,3051,-1701,0
q,1,3052,-1700,0
w,-1,3053,-1701,0
w,-1,3054,-1702,0
q,1,3055,-1701,0
w,-1,3056,-1702,0
q,1,3057,-1701,0
q,1,3058,-1700,0
q,1,3059,-1699,0
w,-1,3060,-1700,0
q,1,3061,-1699,0
w,-1,3062,-1700,0
q,1,3063,-1699,0
w,-1,3064,-1700,0
q,1,3065,-1699,0
q,1,3066,-1698,0
w,-1,3067,-1699,0
w,-1,3068,-1700,0
w,-1,3069,-1701,0
w,-1,3070,-1702,0
q,1,3071,-1701,0
w,-1,3072,-1702,0
w,-1,3073,-1703,0
w,-1,3074,-1704,0
w,-1,3075,-1705,0
w,-1,3076,-1706,0
w,-1,3077,-1707,0
w,-1,3078,-1708,0
w,-1,3079,-1709,0
w,-1,3080,-1710,0
w,-1,3081,-1711,0
q,1,3082,-1710,0
w,-1,3083,-1711,0
w,-1,3084,-1712,0
w,-1,3085,-1713,0
w,-1,3086,-1714,0
w,-1,3087,-1715,0
w,-1,3088,-1716,0
w,-1,3089,-1717,0
w,-1,3090,-1718,0
w,-1,3091,-1719,0
q,1,3092,-1718,0
w,-1,3093,-1719,0
w,-1,3094,-1720,0
w,-1,3095,-1721,0
w,-1,3096,-1722,0
q,1,3097,-1721,0
w,-1,3098,-1722,0
w,-1,3099,-1723,0
w,-1,3100,-1724,0
w,-1,3101,-1725,0
w,-1,3102,-1726,0
w,-1,3103,-1727,0
w,-1,3104,-1728,0
q,1,3105,-1727,0
w,-1,3106,-1728,0
w,-1,3107,-1729,0
w,-1,3108,-1730,0
w,-1,3109,-1731,0
w,-1,3110,-1732,0
w,-1,3111,-1733,0
w,-1,3112,-1734,0
w,-1,3113,-1735,0
w,-1,3114,-1736,0
q,1,3115,-1735,0
w,-1,3116,-1736,0
q,1,3117,-1735,0
w,-1,3118,-1736,0
w,-1,3119,-1737,0
w,-1,3120,-1738,0
w,-1,3121,-1739,0
w,-1,3122,-1740,0
w,-1,3123,-1741,0
q,1,3124,-1740,0
w,-1,3125,-1741,0
w,-1,3126,-1742,0
q,1,3127,-1741,0
w,-1,3128,-1742,0
w,-1,3129,-1743,0
w,-1,3130,-1744,0
w,-1,3131,-1745,0
q,1,3132,-1744,0
w,-1,3133,-1745,0
q,1,3134,-1744,0
w,-1,3135,-1745,0
w,-1,3136,-1746,0
w,-1,3137,-1747,0
w,-1,3138,-1748,0
w,-1,3139,-1749,0
q,1,3140,-1748,0
w,-1,3141,-1749,0
w,-1,3142,-1750,0
w,-1,3143,-1751,0
w,-1,3144,-1752,0
q,1,3145,-1751,0
w,-1,3146,-1752,0
w,-1,3147,-1753,0
w,-1,3148,-1754,0
w,-1,3149,-1755,0
w,-1,3150,-1756,0
q,1,3151,-1755,0
w,-1,3152,-1756,0
q,1,3153,-1755,0
w,-1,3154,-1756,0
w,-1,3155,-1757,0
w,-1,3156,-1758,0
w,-1,3157,-1759,0
w,-1,3158,-1760,0
w,-1,3159,-1761,0
w,-1,3160,-1762,0
w,-1,3161,-1763,0
w,-1,3162,-1764,0
w,-1,3163,-1765,0
w,-1,3164,-1766,0
w,-1,3165,-1767,0
w,-1,3166,-1768,0
w,-1,3167,-1769,0
q,1,3168,-1768,0
w,-1,3169,-1769,0
w,-1,3170,-1770,0
q,1,3171,-1769,0
w,-1,3172,-1770,0
q,1,3173,-1769,0
w,-1,3174,-1770,0
q,1,3175,-1769,0
w,-1,3176,-1770,0
q,1,3177,-1769,0
w,-1,3178,-1770,0
w,-1,3179,-1771,0
w,-1,3180,-1772,0
w,-1,3181,-1773,0
w,-1,3182,-1774,0
w,-1,3183,-1775,0
w,-1,3184,-1776,0
w,-1,3185,-1777,0
w,-1,3186,-1778,0
w,-1,3187,-1779,0
w,-1,3188,-1780,0
w,-1,3189,-1781,0
w,-1,3190,-1782,0
w,-1,3191,-1783,0
w,-1,3192,-1784,0
q,1,3193,-1783,0
w,-1,3194,-1784,0
w,-1,3195,-1785,0
q,1,3196,-1784,0
w,-1,3197,-1785,0
w,-1,3198,-1786,0
w,-1,3199,-1787,0
w,-1,3200,-1788,0
w,-1,3201,-1789,0
w,-1,3202,-1790,0
w,-1,3203,-1791,0
q,1,3204,-1790,0
w,-1,3205,-1791,0
q,1,3206,-1790,0
w,-1,3207,-1791,0
w,-1,3208,-1792,0
w,-1,3209,-1793,0
w,-1,3210,-1794,0
q,1,3211,-1793,0
w,-1,3212,-1794,0
w,-1,3213,-1795,0
q,1,3214,-1794,0
w,-1,3215,-1795,0
w,-1,3216,-1796,0
w,-1,3217,-1797,0
w,-1,3218,-1798,0
w,-1,3219,-1799,0
q,1,3220,-1798,0
w,-1,3221,-1799,0
w,-1,3222,-1800,0
w,-1,3223,-1801,0
q,1,3224,-1800,0
w,-1,3225,-1801,0
q,1,3226,-1800,0
q,1,3227,-1799,0
q,1,3228,-1798,0
q,1,3229,-1797,0
w,-1,3230,-1798,0
w,-1,3231,-1799,0
w,-1,3232,-1800,0
w,-1,3233,-1801,0
w,-1,3234,-1802,0
q,1,3235,-1801,0
w,-1,3236,-1802,0
q,1,3237,-1801,0
q,1,3238,-1800,0
w,-1,3239,-1801,0
w,-1,3240,-1802,0
w,-1,3241,-1803,0
q,1,3242,-1802,0
w,-1,3243,-1803,0
w,-1,3244,-1804,0
w,-1,3245,-1805,0
q,1,3246,-1804,0
w,-1,3247,-1805,0
w,-1,3248,-1806,0
q,1,3249,-1805,0
w,-1,3250,-1806,0
q,1,3251,-1805,0
q,1,3252,-1804,0
w,-1,3253,-1805,0
w,-1,3254,-1806,0
w,-1,3255,-1807,0
w,-1,3256,-1808,0
w,-1,3257,-1809,0
w,-1,3258,-1810,0
q,1,3259,-1809,0
w,-1,3260,-1810,0
q,1,3261,-1809,0
w,-1,3262,-1810,0
w,-1,3263,-1811,0
w,-1,3264,-1812,0
q,1,3265,-1811,0
w,-1,3266,-1812,0
q,1,3267,-1811,0
w,-1,3268,-1812,0
w,-1,3269,-1813,0
w,-1,3270,-1814,0
w,-1,3271,-1815,0
q,1,3272,-1814,0
w,-1,3273,-1815,0
w,-1,3274,-1816,0
w,-1,3275,-1817,0
w,-1,3276,-1818,0
w,-1,3277,-1819,0
q,1,3278,-1818,0
w,-1,3279,-1819,0
q,1,3280,-1818,0
w,-1,3281,-1819,0
q,1,3282,-1818,0
w,-1,3283,-1819,0
w,-1,3284,-1820,0
w,-1,3285,-1821,0
w,-1,3286,-1822,0
w,-1,3287,-1823,0
w,-1,3288,-1824,0
q,1,3289,-1823,0
w,-1,3290,-1824,0
w,-1,3291,-1825,0
q,1,3292,-1824,0
w,-1,3293,-1825,0
w,-1,3294,-1826,0
w,-1,3295,-1827,0
q,1,3296,-1826,0
w,-1,3297,-1827,0
w,-1,3298,-1828,0
w,-1,3299,-1829,0
w,-1,3300,-1830,0
q,1,3301,-1829,0
w,-1,3302,-1830,0
q,1,3303,-1829,0
w,-1,3304,-1830,0
w,-1,3305,-1831,0
w,-1,3306,-1832,0
q,1,3307,-1831,0
w,-1,3308,-1832,0
w,-1,3309,-1833,0
w,-1,3310,-1834,0
w,-1,3311,-1835,0
q,1,3312,-1834,0
w,-1,3313,-1835,0
q,1,3314,-1834,0
w,-1,3315,-1835,0
q,1,3316,-1834,0
w,-1,3317,-1835,0
q,1,3318,-1834,0
q,1,3319,-1833,0
w,-1,3320,-1834,0
w,-1,3321,-1835,0
w,-1,3322,-1836,0
w,-1,3323,-1837,0
w,-1,3324,-1838,0
w,-1,3325,-1839,0
w,-1,3326,-1840,0
q,1,3327,-1839,0
w,-1,3328,-1840,0
w,-1,3329,-1841,0
w,-1,3330,-1842,0
w,-1,3331,-1843,0
q,1,3332,-1842,0
w,-1,3333,-1843,0
w,-1,3334,-1844,0
q,1,3335,-1843,0
w,-1,3336,-1844,0
w,-1,3337,-1845,0
w,-1,3338,-1846,0
w,-1,3339,-1847,0
w,-1,3340,-1848,0
w,-1,3341,-1849,0
q,1,3342,-1848,0
w,-1,3343,-1849,0
q,1,3344,-1848,0
w,-1,3345,-1849,0
w,-1,3346,-1850,0
q,1,3347,-1849,0
w,-1,3348,-1850,0
w,-1,3349,-1851,0
q,1,3350,-1850,0
w,-1,3351,-1851,0
q,1,3352,-1850,0
w,-1,3353,-1851,0
w,-1,3354,-1852,0
w,-1,3355,-1853,0
w,-1,3356,-1854,0
w,-1,3357,-1855,0
w,-1,3358,-1856,0
w,-1,3359,-1857,0
w,-1,3360,-1858,0
q,1,3361,-1857,0
w,-1,3362,-1858,0
w,-1,3363,-1859,0
w,-1,3364,-1860,0
w,-1,3365,-1861,0
w,-1,3366,-1862,0
q,1,3367,-1861,0
w,-1,3368,-1862,0
w,-1,3369,-1863,0
w,-1,3370,-1864,0
w,-1,3371,-1865,0
w,-1,3372,-1866,0
w,-1,3373,-1867,0
w,-1,3374,-1868,0
w,-1,3375,-1869,0
w,-1,3376,-1870,0
w,-1,3377,-1871,0
w,-1,3378,-1872,0
q,1,3379,-1871,0
w,-1,3380,-1872,0
w,-1,3381,-1873,0
q,1,3382,-1872,0
w,-1,3383,-1873,0
w,-1,3384,-1874,0
q,1,3385,-1873,0
w,-1,3386,-1874,0
w,-1,3387,-1875,0
w,-1,3388,-1876,0
w,-1,3389,-1877,0
w,-1,3390,-1878,0
w,-1,3391,-1879,0
w,-1,3392,-1880,0
w,-1,3393,-1881,0
w,-1,3394,-1882,0
w,-1,3395,-1883,0
w,-1,3396,-1884,0
w,-1,3397,-1885,0
w,-1,3398,-1886,0
w,-1,3399,-1887,0
w,-1,3400,-1888,0
q,1,3401,-1887,0
w,-1,3402,-1888,0
q,1,3403,-1887,0
q,1,3404,-1886,0
q,1,3405,-1885,0
w,-1,3406,-1886,0
w,-1,3407,-1887,0
q,1,3408,-1886,0
w,-1,3409,-1887,0
w,-1,3410,-1888,0
w,-1,3411,-1889,0
w,-1,3412,-1890,0
w,-1,3413,-1891,0
w,-1,3414,-1892,0
w,-1,3415,-1893,0
w,-1,3416,-1894,0
w,-1,3417,-1895,0
w,-1,3418,-1896,0
w,-1,3419,-1897,0
w,-1,3420,-1898,0
w,-1,3421,-1899,0
w,-1,3422,-1900,0
q,1,3423,-1899,0
w,-1,3424,-1900,0
w,-1,3425,-1901,0
q,1,3426,-1900,0
w,-1,3427,-1901,0
w,-1,3428,-1902,0
w,-1,3429,-1903,0
w,-1,3430,-1904,0
w,-1,3431,-1905,0
w,-1,3432,-1906,0
w,-1,3433,-1907,0
q,1,3434,-1906,0
w,-1,3435,-1907,0
w,-1,3436,-1908,0
w,-1,3437,-1909,0
q,1,3438,-1908,0
w,-1,3439,-1909,0
q,1,3440,-1908,0
w,-1,3441,-1909,0
w,-1,3442,-1910,0
w,-1,3443,-1911,0
w,-1,3444,-1912,0
w,-1,3445,-1913,0
w,-1,3446,-1914,0
w,-1,3447,-1915,0
q,1,3448,-1914,0
w,-1,3449,-1915,0
w,-1,3450,-1916,0
w,-1,3451,-1917,0
w,-1,3452,-1918,0
w,-1,3453,-1919,0
w,-1,3454,-1920,0
w,-1,3455,-1921,0
w,-1,3456,-1922,0
w,-1,3457,-1923,0
w,-1,3458,-1924,0
w,-1,3459,-1925,0
w,-1,3460,-1926,0
q,1,3461,-1925,0
w,-1,3462,-1926,0
q,1,3463,-1925,0
w,-1,3464,-1926,0
w,-1,3465,-1927,0
w,-1,3466,-1928,0
w,-1,3467,-1929,0
q,1,3468,-1928,0
w,-1,3469,-1929,0
w,-1,3470,-1930,0
w,-1,3471,-1931,0
w,-1,3472,-1932,0
q,1,3473,-1931,0
w,-1,3474,-1932,0
w,-1,3475,-1933,0
q,1,3476,-1932,0
w,-1,3477,-1933,0
w,-1,3478,-1934,0
q,1,3479,-1933,0
w,-1,3480,-1934,0
w,-1,3481,-1935,0
w,-1,3482,-1936,0
w,-1,3483,-1937,0
w,-1,3484,-1938,0
q,1,3485,-1937,0
w,-1,3486,-1938,0
w,-1,3487,-1939,0
w,-1,3488,-1940,0
w,-1,3489,-1941,0
w,-1,3490,-1942,0
q,1,3491,-1941,0
w,-1,3492,-1942,0
q,1,3493,-1941,0
w,-1,3494,-1942,0
q,1,3495,-1941,0
w,-1,3496,-1942,0
w,-1,3497,-1943,0
q,1,3498,-1942,0
w,-1,3499,-1943,0
q,1,3500,-1942,0
w,-1,3501,-1943,0
w,-1,3502,-1944,0
q,1,3503,-1943,0
w,-1,3504,-1944,0
w,-1,3505,-1945,0
w,-1,3506,-1946,0
w,-1,3507,-1947,0
w,-1,3508,-1948,0
w,-1,3509,-1949,0
w,-1,3510,-1950,0
w,-1,3511,-1951,0
q,1,3512,-1950,0
w,-1,3513,-1951,0
w,-1,3514,-1952,0
w,-1,3515,-1953,0
q,1,3516,-1952,0
w,-1,3517,-1953,0
w,-1,3518,-1954,0
w,-1,3519,-1955,0
w,-1,3520,-1956,0
w,-1,3521,-1957,0
w,-1,3522,-1958,0
w,-1,3523,-1959,0
q,1,3524,-1958,0
w,-1,3525,-1959,0
w,-1,3526,-1960,0
q,1,3527,-1959,0
w,-1,3528,-1960,0
w,-1,3529,-1961,0
w,-1,3530,-1962,0
w,-1,3531,-1963,0
w,-1,3532,-1964,0
w,-1,3533,-1965,0
w,-1,3534,-1966,0
w,-1,3535,-1967,0
w,-1,3536,-1968,0
q,1,3537,-1967,0
w,-1,3538,-1968,0
w,-1,3539,-1969,0
w,-1,3540,-1970,0
q,1,3541,-1969,0
w,-1,3542,-1970,0
q,1,3543,-1969,0
w,-1,3544,-1970,0
q,1,3545,-1969,0
w,-1,3546,-1970,0
q,1,3547,-1969,0
w,-1,3548,-1970,0
q,1,3549,-1969,0
q,1,3550,-1968,0
w,-1,3551,-1969,0
w,-1,3552,-1970,0
w,-1,3553,-1971,0
w,-1,3554,-1972,0
q,1,3555,-1971,0
w,-1,3556,-1972,0
w,-1,3557,-1973,0
q,1,3558,-1972,0
w,-1,3559,-1973,0
q,1,3560,-1972,0
w,-1,3561,-1973,0
w,-1,3562,-1974,0
w,-1,3563,-1975,0
q,1,3564,-1974,0
w,-1,3565,-1975,0
w,-1,3566,-1976,0
q,1,3567,-1975,0
w,-1,3568,-1976,0
w,-1,3569,-1977,0
w,-1,3570,-1978,0
w,-1,3571,-1979,0
w,-1,3572,-1980,0
w,-1,3573,-1981,0
w,-1,3574,-1982,0
w,-1,3575,-1983,0
q,1,3576,-1982,0
w,-1,3577,-1983,0
q,1,3578,-1982,0
q,1,3579,-1981,0
w,-1,3580,-1982,0
w,-1,3581,-1983,0
w,-1,3582,-1984,0
w,-1,3583,-1985,0
w,-1,3584,-1986,0
q,1,3585,-1985,0
w,-1,3586,-1986,0
w,-1,3587,-1987,0
w,-1,3588,-1988,0
w,-1,3589,-1989,0
w,-1,3590,-1990,0
w,-1,3591,-1991,0
w,-1,3592,-1992,0
w,-1,3593,-1993,0
w,-1,3594,-1994,0
w,-1,3595,-1995,0
w,-1,3596,-1996,0
w,-1,3597,-1997,0
w,-1,3598,-1998,0
w,-1,3599,-1999,0
q,1,3600,-1998,0
w,-1,3601,-1999,0
w,-1,3602,-2000,0
q,1,3603,-1999,0
w,-1,3604,-2000,0
q,1,3605,-1999,0
w,-1,3606,-2000,0
w,-1,3607,-2001,0
w,-1,3608,-2002,0
w,-1,3609,-2003,0
q,1,3610,-2002,0
w,-1,3611,-2003,0
w,-1,3612,-2004,0
w,-1,3613,-2005,0
q,1,3614,-2004,0
w,-1,3615,-2005,0
w,-1,3616,-2006,0
q,1,3617,-2005,0
w,-1,3618,-2006,0
w,-1,3619,-2007,0
w,-1,3620,-2008,0
w,-1,3621,-2009,0
w,-1,3622,-2010,0
w,-1,3623,-2011,0
w,-1,3624,-2012,0
w,-1,3625,-2013,0
q,1,3626,-2012,0
w,-1,3627,-2013,0
w,-1,3628,-2014,0
w,-1,3629,-2015,0
w,-1,3630,-2016,0
w,-1,3631,-2017,0
w,-1,3632,-2018,0
w,-1,3633,-2019,0
w,-1,3634,-2020,0
w,-1,3635,-2021,0
w,-1,3636,-2022,0
w,-1,3637,-2023,0
w,-1,3638,-2024,0
w,-1,3639,-2025,0
q,1,3640,-2024,0
w,-1,3641,-2025,0
w,-1,3642,-2026,0
w,-1,3643,-2027,0
w,-1,3644,-2028,0
w,-1,3645,-2029,0
w,-1,3646,-2030,0
w,-1,3647,-2031,0
w,-1,3648,-2032,0
w,-1,3649,-2033,0
w,-1,3650,-2034,0
w,-1,3651,-2035,0
q,1,3652,-2034,0
w,-1,3653,-2035,0
w,-1,3654,-2036,0
q,1,3655,-2035,0
w,-1,3656,-2036,0
w,-1,3657,-2037,0
w,-1,3658,-2038,0
q,1,3659,-2037,0
w,-1,3660,-2038,0
q,1,3661,-2037,0
w,-1,3662,-2038,0
w,-1,3663,-2039,0
w,-1,3664,-2040,0
w,-1,3665,-2041,0
w,-1,3666,-2042,0
w,-1,3667,-2043,0
w,-1,3668,-2044,0
w,-1,3669,-2045,0
q,1,3670,-2044,0
w,-1,3671,-2045,0
w,-1,3672,-2046,0
w,-1,3673,-2047,0
w,-1,3674,-2048,0
w,-1,3675,-2049,0
q,1,3676,-2048,0
w,-1,3677,-2049,0
w,-1,3678,-2050,0
q,1,3679,-2049,0
w,-1,3680,-2050,0
q,1,3681,-2049,0
w,-1,3682,-2050,0
w,-1,3683,-2051,0
w,-1,3684,-2052,0
w,-1,3685,-2053,0
w,-1,3686,-2054,0
w,-1,3687,-2055,0
q,1,3688,-2054,0
w,-1,3689,-2055,0
q,1,3690,-2054,0
w,-1,3691,-2055,0
w,-1,3692,-2056,0
w,-1,3693,-2057,0
w,-1,3694,-2058,0
q,1,3695,-2057,0
w,-1,3696,-2058,0
q,1,3697,-2057,0
w,-1,3698,-2058,0
q,1,3699,-2057,0
w,-1,3700,-2058,0
w,-1,3701,-2059,0
w,-1,3702,-2060,0
w,-1,3703,-2061,0
w,-1,3704,-2062,0
w,-1,3705,-2063,0
w,-1,3706,-2064,0
q,1,3707,-2063,0
w,-1,3708,-2064,0
w,-1,3709,-2065,0
w,-1,3710,-2066,0
q,1,3711,-2065,0
w,-1,3712,-2066,0
w,-1,3713,-2067,0
w,-1,3714,-2068,0
w,-1,3715,-2069,0
q,1,3716,-2068,0
w,-1,3717,-2069,0
q,1,3718,-2068,0
w,-1,3719,-2069,0
w,-1,3720,-2070,0
w,-1,3721,-2071,0
w,-1,3722,-2072,0
w,-1,3723,-2073,0
w,-1,3724,-2074,0
w,-1,3725,-2075,0
w,-1,3726,-2076,0
q,1,3727,-2075,0
w,-1,3728,-2076,0
w,-1,3729,-2077,0
w,-1,3730,-2078,0
w,-1,3731,-2079,0
q,1,3732,-2078,0
w,-1,3733,-2079,0
w,-1,3734,-2080,0
q,1,3735,-2079,0
w,-1,3736,-2080,0
q,1,3737,-2079,0
w,-1,3738,-2080,0
w,-1,3739,-2081,0
w,-1,3740,-2082,0
q,1,3741,-2081,0
w,-1,3742,-2082,0
q,1,3743,-2081,0
w,-1,3744,-2082,0
w,-1,3745,-2083,0
w,-1,3746,-2084,0
w,-1,3747,-2085,0
w,-1,3748,-2086,0
w,-1,3749,-2087,0
w,-1,3750,-2088,0
w,-1,3751,-2089,0
w,-1,3752,-2090,0
q,1,3753,-2089,0
w,-1,3754,-2090,0
w,-1,3755,-2091,0
w,-1,3756,-2092,0
w,-1,3757,-2093,0
w,-1,3758,-2094,0
w,-1,3759,-2095,0
w,-1,3760,-2096,0
q,1,3761,-2095,0
w,-1,3762,-2096,0
w,-1,3763,-2097,0
w,-1,3764,-2098,0
w,-1,3765,-2099,0
q,1,3766,-2098,0
w,-1,3767,-2099,0
w,-1,3768,-2100,0
w,-1,3769,-2101,0
w,-1,3770,-2102,0
w,-1,3771,-2103,0
w,-1,3772,-2104,0
w,-1,3773,-2105,0
w,-1,3774,-2106,0
w,-1,3775,-2107,0
w,-1,3776,-2108,0
w,-1,3777,-2109,0
q,1,3778,-2108,0
w,-1,3779,-2109,0
w,-1,3780,-2110,0
w,-1,3781,-2111,0
w,-1,3782,-2112,0
w,-1,3783,-2113,0
w,-1,3784,-2114,0
w,-1,3785,-2115,0
w,-1,3786,-2116,0
w,-1,3787,-2117,0
w,-1,3788,-2118,0
w,-1,3789,-2119,0
w,-1,3790,-2120,0
w,-1,3791,-2121,0
w,-1,3792,-2122,0
w,-1,3793,-2123,0
w,-1,3794,-2124,0
w,-1,3795,-2125,0
w,-1,3796,-2126,0
w,-1,3797,-2127,0
w,-1,3798,-2128,0
w,-1,3799,-2129,0
w,-1,3800,-2130,0
w,-1,3801,-2131,0
w,-1,3802,-2132,0
w,-1,3803,-2133,0
w,-1,3804,-2134,0
w,-1,3805,-2135,0
w,-1,3806,-2136,0
w,-1,3807,-2137,0
w,-1,3808,-2138,0
q,1,3809,-2137,0
w,-1,3810,-2138,0
q,1,3811,-2137,0
w,-1,3812,-2138,0
w,-1,3813,-2139,0
q,1,3814,-2138,0
w,-1,3815,-2139,0
w,-1,3816,-2140,0
q,1,3817,-2139,0
w,-1,3818,-2140,0
q,1,3819,-2139,0
w,-1,3820,-2140,0
w,-1,3821,-2141,0
w,-1,3822,-2142,0
w,-1,3823,-2143,0
w,-1,3824,-2144,0
w,-1,3825,-2145,0
q,1,3826,-2144,0
w,-1,3827,-2145,0
q,1,3828,-2144,0
q,1,3829,-2143,0
w,-1,3830,-2144,0
w,-1,3831,-2145,0
w,-1,3832,-2146,0
w,-1,3833,-2147,0
w,-1,3834,-2148,0
w,-1,3835,-2149,0
w,-1,3836,-2150,0
w,-1,3837,-2151,0
w,-1,3838,-2152,0
w,-1,3839,-2153,0
q,1,3840,-2152,0
w,-1,3841,-2153,0
w,-1,3842,-2154,0
w,-1,3843,-2155,0
w,-1,3844,-2156,0
q,1,3845,-2155,0
w,-1,3846,-2156,0
w,-1,3847,-2157,0
w,-1,3848,-2158,0
w,-1,3849,-2159,0
w,-1,3850,-2160,0
w,-1,3851,-2161,0
w,-1,3852,-2162,0
q,1,3853,-2161,0
w,-1,3854,-2162,0
w,-1,3855,-2163,0
q,1,3856,-2162,0
w,-1,3857,-2163,0
w,-1,3858,-2164,0
w,-1,3859,-2165,0
w,-1,3860,-2166,0
w,-1,3861,-2167,0
w,-1,3862,-2168,0
w,-1,3863,-2169,0
w,-1,3864,-2170,0
q,1,3865,-2169,0
w,-1,3866,-2170,0
w,-1,3867,-2171,0
w,-1,3868,-2172,0
w,-1,3869,-2173,0
w,-1,3870,-2174,0
w,-1,3871,-2175,0
w,-1,3872,-2176,0
w,-1,3873,-2177,0
w,-1,3874,-2178,0
w,-1,3875,-2179,0
w,-1,3876,-2180,0
q,1,3877,-2179,0
w,-1,3878,-2180,0
q,1,3879,-2179,0
q,1,3880,-2178,0
q,1,3881,-2177,0
q,1,3882,-2176,0
w,-1,3883,-2177,0
w,-1,3884,-2178,0
w,-1,3885,-2179,0
w,-1,3886,-2180,0
q,1,3887,-2179,0
w,-1,3888,-2180,0
w,-1,3889,-2181,0
w,-1,3890,-2182,0
w,-1,3891,-2183,0
w,-1,3892,-2184,0
w,-1,3893,-2185,0
w,-1,3894,-2186,0
w,-1,3895,-2187,0
w,-1,3896,-2188,0
w,-1,3897,-2189,0
w,-1,3898,-2190,0
w,-1,3899,-2191,0
w,-1,3900,-2192,0
w,-1,3901,-2193,0
w,-1,3902,-2194,0
w,-1,3903,-2195,0
w,-1,3904,-2196,0
w,-1,3905,-2197,0
q,1,3906,-2196,0
w,-1,3907,-2197,0
w,-1,3908,-2198,0
w,-1,3909,-2199,0
w,-1,3910,-2200,0
w,-1,3911,-2201,0
w,-1,3912,-2202,0
w,-1,3913,-2203,0
w,-1,3914,-2204,0
w,-1,3915,-2205,0
q,1,3916,-2204,0
w,-1,3917,-2205,0
w,-1,3918,-2206,0
w,-1,3919,-2207,0
w,-1,3920,-2208,0
w,-1,3921,-2209,0
w,-1,3922,-2210,0
w,-1,3923,-2211,0
w,-1,3924,-2212,0
w,-1,3925,-2213,0
w,-1,3926,-2214,0
w,-1,3927,-2215,0
w,-1,3928,-2216,0
w,-1,3929,-2217,0
w,-1,3930,-2218,0
q,1,3931,-2217,0
w,-1,3932,-2218,0
w,-1,3933,-2219,0
w,-1,3934,-2220,0
w,-1,3935,-2221,0
q,1,3936,-2220,0
w,-1,3937,-2221,0
w,-1,3938,-2222,0
w,-1,3939,-2223,0
w,-1,3940,-2224,0
w,-1,3941,-2225,0
q,1,3942,-2224,0
w,-1,3943,-2225,0
w,-1,3944,-2226,0
w,-1,3945,-2227,0
w,-1,3946,-2228,0
q,1,3947,-2227,0
w,-1,3948,-2228,0
w,-1,3949,-2229,0
w,-1,3950,-2230,0
w,-1,3951,-2231,0
w,-1,3952,-2232,0
w,-1,3953,-2233,0
q,1,3954,-2232,0
w,-1,3955,-2233,0
q,1,3956,-2232,0
q,1,3957,-2231,0
w,-1,3958,-2232,0
q,1,3959,-2231,0
q,1,3960,-2230,0
w,-1,3961,-2231,0
w,-1,3962,-2232,0
w,-1,3963,-2233,0
w,-1,3964,-2234,0
w,-1,3965,-2235,0
w,-1,3966,-2236,0
w,-1,3967,-2237,0
w,-1,3968,-2238,0
w,-1,3969,-2239,0
w,-1,3970,-2240,0
w,-1,3971,-2241,0
w,-1,3972,-2242,0
w,-1,3973,-2243,0
q,1,3974,-2242,0
w,-1,3975,-2243,0
q,1,3976,-2242,0
w,-1,3977,-2243,0
q,1,3978,-2242,0
q,1,3979,-2241,0
w,-1,3980,-2242,0
w,-1,3981,-2243,0
w,-1,3982,-2244,0
w,-1,3983,-2245,0
w,-1,3984,-2246,0
q,1,3985,-2245,0
w,-1,3986,-2246,0
q,1,3987,-2245,0
w,-1,3988,-2246,0
w,-1,3989,-2247,0
w,-1,3990,-2248,0
w,-1,3991,-2249,0
w,-1,3992,-2250,0
w,-1,3993,-2251,0
w,-1,3994,-2252,0
w,-1,3995,-2253,0
q,1,3996,-2252,0
w,-1,3997,-2253,0
w,-1,3998,-2254,0
w,-1,3999,-2255,0
q,1,4000,-2254,0
w,-1,4001,-2255,0
w,-1,4002,-2256,0
q,1,4003,-2255,0
w,-1,4004,-2256,0
q,1,4005,-2255,0
w,-1,4006,-2256,0
w,-1,4007,-2257,0
q,1,4008,-2256,0
w,-1,4009,-2257,0
w,-1,4010,-2258,0
w,-1,4011,-2259,0
w,-1,4012,-2260,0
w,-1,4013,-2261,0
w,-1,4014,-2262,0
q,1,4015,-2261,0
w,-1,4016,-2262,0
w,-1,4017,-2263,0
q,1,4018,-2262,0
w,-1,4019,-2263,0
q,1,4020,-2262,0
w,-1,4021,-2263,0
q,1,4022,-2262,0
w,-1,4023,-2263,0
q,1,4024,-2262,0
w,-1,4025,-2263,0
w,-1,4026,-2264,0
w,-1,4027,-2265,0
w,-1,4028,-2266,0
w,-1,4029,-2267,0
w,-1,4030,-2268,0
w,-1,4031,-2269,0
w,-1,4032,-2270,0
w,-1,4033,-2271,0
w,-1,4034,-2272,0
w,-1,4035,-2273,0
w,-1,4036,-2274,0
w,-1,4037,-2275,0
w,-1,4038,-2276,0
w,-1,4039,-2277,0
w,-1,4040,-2278,0
q,1,4041,-2277,0
w,-1,4042,-2278,0
q,1,4043,-2277,0
w,-1,4044,-2278,0
w,-1,4045,-2279,0
w,-1,4046,-2280,0
w,-1,4047,-2281,0
w,-1,4048,-2282,0
w,-1,4049,-2283,0
w,-1,4050,-2284,0
w,-1,4051,-2285,0
q,1,4052,-2284,0
w,-1,4053,-2285,0
q,1,4054,-2284,0
w,-1,4055,-2285,0
q,1,4056,-2284,0
w,-1,4057,-2285,0
q,1,4058,-2284,0
w,-1,4059,-2285,0
w,-1,4060,-2286,0
w,-1,4061,-2287,0
w,-1,4062,-2288,0
w,-1,4063,-2289,0
w,-1,4064,-2290,0
w,-1,4065,-2291,0
w,-1,4066,-2292,0
w,-1,4067,-2293,0
w,-1,4068,-2294,0
w,-1,4069,-2295,0
w,-1,4070,-2296,0
w,-1,4071,-2297,0
w,-1,4072,-2298,0
w,-1,4073,-2299,0
w,-1,4074,-2300,0
q,1,4075,-2299,0
w,-1,4076,-2300,0
w,-1,4077,-2301,0
w,-1,4078,-2302,0
w,-1,4079,-2303,0
w,-1,4080,-2304,0
w,-1,4081,-2305,0
w,-1,4082,-2306,0
w,-1,4083,-2307,0
w,-1,4084,-2308,0
w,-1,4085,-2309,0
w,-1,4086,-2310,0
w,-1,4087,-2311,0
q,1,4088,-2310,0
w,-1,4089,-2311,0
w,-1,4090,-2312,0
w,-1,4091,-2313,0
w,-1,4092,-2314,0
w,-1,4093,-2315,0
q,1,4094,-2314,0
w,-1,4095,-2315,0
w,-1,4096,-2316,0
w,-1,4097,-2317,0
w,-1,4098,-2318,0
q,1,4099,-2317,0
w,-1,4100,-2318,0
q,1,4101,-2317,0
w,-1,4102,-2318,0
w,-1,4103,-2319,0
w,-1,4104,-2320,0
w,-1,4105,-2321,0
w,-1,4106,-2322,0
w,-1,4107,-2323,0
w,-1,4108,-2324,0
q,1,4109,-2323,0
w,-1,4110,-2324,0
w,-1,4111,-2325,0
w,-1,4112,-2326,0
q,1,4113,-2325,0
w,-1,4114,-2326,0
q,1,4115,-2325,0
w,-1,4116,-2326,0
w,-1,4117,-2327,0
w,-1,4118,-2328,0
w,-1,4119,-2329,0
w,-1,4120,-2330,0
q,1,4121,-2329,0
w,-1,4122,-2330,0
q,1,4123,-2329,0
w,-1,4124,-2330,0
q,1,4125,-2329,0
w,-1,4126,-2330,0
w,-1,4127,-2331,0
w,-1,4128,-2332,0
w,-1,4129,-2333,0
w,-1,4130,-2334,0
w,-1,4131,-2335,0
w,-1,4132,-2336,0
q,1,4133,-2335,0
w,-1,4134,-2336,0
q,1,4135,-2335,0
w,-1,4136,-2336,0
q,1,4137,-2335,0
w,-1,4138,-2336,0
w,-1,4139,-2337,0
w,-1,4140,-2338,0
w,-1,4141,-2339,0
w,-1,4142,-2340,0
w,-1,4143,-2341,0
q,1,4144,-2340,0
w,-1,4145,-2341,0
w,-1,4146,-2342,0
w,-1,4147,-2343,0
w,-1,4148,-2344,0
w,-1,4149,-2345,0
w,-1,4150,-2346,0
w,-1,4151,-2347,0
w,-1,4152,-2348,0
w,-1,4153,-2349,0
q,1,4154,-2348,0
w,-1,4155,-2349,0
w,-1,4156,-2350,0
w,-1,4157,-2351,0
w,-1,4158,-2352,0
q,1,4159,-2351,0
w,-1,4160,-2352,0
q,1,4161,-2351,0
w,-1,4162,-2352,0
q,1,4163,-2351,0
w,-1,4164,-2352,0
w,-1,4165,-2353,0
w,-1,4166,-2354,0
w,-1,4167,-2355,0
w,-1,4168,-2356,0
w,-1,4169,-2357,0
w,-1,4170,-2358,0
w,-1,4171,-2359,0
w,-1,4172,-2360,0
w,-1,4173,-2361,0
w,-1,4174,-2362,0
w,-1,4175,-2363,0
w,-1,4176,-2364,0
q,1,4177,-2363,0
w,-1,4178,-2364,0
q,1,4179,-2363,0
q,1,4180,-2362,0
w,-1,4181,-2363,0
q,1,4182,-2362,0
w,-1,4183,-2363,0
w,-1,4184,-2364,0
w,-1,4185,-2365,0
w,-1,4186,-2366,0
w,-1,4187,-2367,0
w,-1,4188,-2368,0
q,1,4189,-2367,0
w,-1,4190,-2368,0
w,-1,4191,-2369,0
q,1,4192,-2368,0
w,-1,4193,-2369,0
w,-1,4194,-2370,0
q,1,4195,-2369,0
w,-1,4196,-2370,0
w,-1,4197,-2371,0
w,-1,4198,-2372,0
w,-1,4199,-2373,0
q,1,4200,-2372,0
w,-1,4201,-2373,0
q,1,4202,-2372,0
q,1,4203,-2371,0
w,-1,4204,-2372,0
w,-1,4205,-2373,0
w,-1,4206,-2374,0
w,-1,4207,-2375,0
w,-1,4208,-2376,0
w,-1,4209,-2377,0
w,-1,4210,-2378,0
w,-1,4211,-2379,0
w,-1,4212,-2380,0
w,-1,4213,-2381,0
w,-1,4214,-2382,0
w,-1,4215,-2383,0
q,1,4216,-2382,0
w,-1,4217,-2383,0
w,-1,4218,-2384,0
w,-1,4219,-2385,0
w,-1,4220,-2386,0
w,-1,4221,-2387,0
w,-1,4222,-2388,0
w,-1,4223,-2389,0
w,-1,4224,-2390,0
w,-1,4225,-2391,0
q,1,4226,-2390,0
w,-1,4227,-2391,0
w,-1,4228,-2392,0
w,-1,4229,-2393,0
w,-1,4230,-2394,0
w,-1,4231,-2395,0
w,-1,4232,-2396,0
w,-1,4233,-2397,0
w,-1,4234,-2398,0
w,-1,4235,-2399,0
w,-1,4236,-2400,0
q,1,4237,-2399,0
w,-1,4238,-2400,0
q,1,4239,-2399,0
w,-1,4240,-2400,0
w,-1,4241,-2401,0
w,-1,4242,-2402,0
q,1,4243,-2401,0
w,-1,4244,-2402,0
q,1,4245,-2401,0
w,-1,4246,-2402,0
w,-1,4247,-2403,0
w,-1,4248,-2404,0
w,-1,4249,-2405,0
w,-1,4250,-2406,0
w,-1,4251,-2407,0
w,-1,4252,-2408,0
w,-1,4253,-2409,0
w,-1,4254,-2410,0
w,-1,4255,-2411,0
q,1,4256,-2410,0
w,-1,4257,-2411,0
w,-1,4258,-2412,0
w,-1,4259,-2413,0
w,-1,4260,-2414,0
w,-1,4261,-2415,0
w,-1,4262,-2416,0
w,-1,4263,-2417,0
w,-1,4264,-2418,0
q,1,4265,-2417,0
w,-1,4266,-2418,0
q,1,4267,-2417,0
w,-1,4268,-2418,0
w,-1,4269,-2419,0
w,-1,4270,-2420,0
w,-1,4271,-2421,0
w,-1,4272,-2422,0
w,-1,4273,-2423,0
q,1,4274,-2422,0
w,-1,4275,-2423,0
w,-1,4276,-2424,0
q,1,4277,-2423,0
w,-1,4278,-2424,0
w,-1,4279,-2425,0
w,-1,4280,-2426,0
q,1,4281,-2425,0
w,-1,4282,-2426,0
w,-1,4283,-2427,0
w,-1,4284,-2428,0
q,1,4285,-2427,0
w,-1,4286,-2428,0
q,1,4287,-2427,0
q,1,4288,-2426,0
w,-1,4289,-2427,0
q,1,4290,-2426,0
w,-1,4291,-2427,0
q,1,4292,-2426,0
w,-1,4293,-2427,0
w,-1,4294,-2428,0
w,-1,4295,-2429,0
q,1,4296,-2428,0
w,-1,4297,-2429,0
q,1,4298,-2428,0
q,1,4299,-2427,0
w,-1,4300,-2428,0
q,1,4301,-2427,0
w,-1,4302,-2428,0
q,1,4303,-2427,0
w,-1,4304,-2428,0
q,1,4305,-2427,0
w,-1,4306,-2428,0
q,1,4307,-2427,0
w,-1,4308,-2428,0
q,1,4309,-2427,0
w,-1,4310,-2428,0
w,-1,4311,-2429,0
q,1,4312,-2428,0
w,-1,4313,-2429,0
q,1,4314,-2428,0
w,-1,4315,-2429,0
w,-1,4316,-2430,0
w,-1,4317,-2431,0
w,-1,4318,-2432,0
w,-1,4319,-2433,0
q,1,4320,-2432,0
w,-1,4321,-2433,0
q,1,4322,-2432,0
w,-1,4323,-2433,0
w,-1,4324,-2434,0
w,-1,4325,-2435,0
w,-1,4326,-2436,0
q,1,4327,-2435,0
w,-1,4328,-2436,0
q,1,4329,-2435,0
w,-1,4330,-2436,0
w,-1,4331,-2437,0
w,-1,4332,-2438,0
w,-1,4333,-2439,0
w,-1,4334,-2440,0
w,-1,4335,-2441,0
w,-1,4336,-2442,0
w,-1,4337,-2443,0
w,-1,4338,-2444,0
w,-1,4339,-2445,0
w,-1,4340,-2446,0
w,-1,4341,-2447,0
w,-1,4342,-2448,0
w,-1,4343,-2449,0
w,-1,4344,-2450,0
w,-1,4345,-2451,0
w,-1,4346,-2452,0
w,-1,4347,-2453,0
w,-1,4348,-2454,0
w,-1,4349,-2455,0
w,-1,4350,-2456,0
q,1,4351,-2455,0
w,-1,4352,-2456,0
w,-1,4353,-2457,0
w,-1,4354,-2458,0
w,-1,4355,-2459,0
q,1,4356,-2458,0
w,-1,4357,-2459,0
q,1,4358,-2458,0
q,1,4359,-2457,0
w,-1,4360,-2458,0
q,1,4361,-2457,0
w,-1,4362,-2458,0
w,-1,4363,-2459,0
q,1,4364,-2458,0
w,-1,4365,-2459,0
w,-1,4366,-2460,0
w,-1,4367,-2461,0
q,1,4368,-2460,0
w,-1,4369,-2461,0
w,-1,4370,-2462,0
w,-1,4371,-2463,0
q,1,4372,-2462,0
w,-1,4373,-2463,0
w,-1,4374,-2464,0
w,-1,4375,-2465,0
w,-1,4376,-2466,0
w,-1,4377,-2467,0
w,-1,4378,-2468,0
w,-1,4379,-2469,0
w,-1,4380,-2470,0
w,-1,4381,-2471,0
w,-1,4382,-2472,0
w,-1,4383,-2473,0
w,-1,4384,-2474,0
w,-1,4385,-2475,0
w,-1,4386,-2476,0
w,-1,4387,-2477,0
w,-1,4388,-2478,0
w,-1,4389,-2479,0
w,-1,4390,-2480,0
q,1,4391,-2479,0
w,-1,4392,-2480,0
q,1,4393,-2479,0
w,-1,4394,-2480,0
q,1,4395,-2479,0
w,-1,4396,-2480,0
w,-1,4397,-2481,0
w,-1,4398,-2482,0
w,-1,4399,-2483,0
w,-1,4400,-2484,0
q,1,4401,-2483,0
w,-1,4402,-2484,0
w,-1,4403,-2485,0
w,-1,4404,-2486,0
q,1,4405,-2485,0
w,-1,4406,-2486,0
w,-1,4407,-2487,0
w,-1,4408,-2488,0
w,-1,4409,-2489,0
w,-1,4410,-2490,0
w,-1,4411,-2491,0
w,-1,4412,-2492,0
w,-1,4413,-2493,0
w,-1,4414,-2494,0
q,1,4415,-2493,0
w,-1,4416,-2494,0
q,1,4417,-2493,0
q,1,4418,-2492,0
q,1,4419,-2491,0
w,-1,4420,-2492,0
q,1,4421,-2491,0
w,-1,4422,-2492,0
w,-1,4423,-2493,0
w,-1,4424,-2494,0
q,1,4425,-2493,0
w,-1,4426,-2494,0
w,-1,4427,-2495,0
w,-1,4428,-2496,0
w,-1,4429,-2497,0
q,1,4430,-2496,0
w,-1,4431,-2497,0
q,1,4432,-2496,0
w,-1,4433,-2497,0
w,-1,4434,-2498,0
w,-1,4435,-2499,0
w,-1,4436,-2500,0
q,1,4437,-2499,0
w,-1,4438,-2500,0
w,-1,4439,-2501,0
w,-1,4440,-2502,0
w,-1,4441,-2503,0
w,-1,4442,-2504,0
w,-1,4443,-2505,0
w,-1,4444,-2506,0
w,-1,4445,-2507,0
q,1,4446,-2506,0
w,-1,4447,-2507,0
q,1,4448,-2506,0
q,1,4449,-2505,0
w,-1,4450,-2506,0
q,1,4451,-2505,0
w,-1,4452,-2506,0
q,1,4453,-2505,0
w,-1,4454,-2506,0
w,-1,4455,-2507,0
q,1,4456,-2506,0
w,-1,4457,-2507,0
w,-1,4458,-2508,0
w,-1,4459,-2509,0
w,-1,4460,-2510,0
w,-1,4461,-2511,0
q,1,4462,-2510,0
w,-1,4463,-2511,0
q,1,4464,-2510,0
w,-1,4465,-2511,0
w,-1,4466,-2512,0
w,-1,4467,-2513,0
w,-1,4468,-2514,0
w,-1,4469,-2515,0
w,-1,4470,-2516,0
w,-1,4471,-2517,0
w,-1,4472,-2518,0
w,-1,4473,-2519,0
w,-1,4474,-2520,0
q,1,4475,-2519,0
w,-1,4476,-2520,0
q,1,4477,-2519,0
w,-1,4478,-2520,0
q,1,4479,-2519,0
q,1,4480,-2518,0
w,-1,4481,-2519,0
w,-1,4482,-2520,0
w,-1,4483,-2521,0
w,-1,4484,-2522,0
w,-1,4485,-2523,0
q,1,4486,-2522,0
w,-1,4487,-2523,0
q,1,4488,-2522,0
q,1,4489,-2521,0
w,-1,4490,-2522,0
w,-1,4491,-2523,0
w,-1,4492,-2524,0
w,-1,4493,-2525,0
w,-1,4494,-2526,0
w,-1,4495,-2527,0
w,-1,4496,-2528,0
w,-1,4497,-2529,0
w,-1,4498,-2530,0
w,-1,4499,-2531,0
q,1,4500,-2530,0
w,-1,4501,-2531,0
w,-1,4502,-2532,0
w,-1,4503,-2533,0
w,-1,4504,-2534,0
w,-1,4505,-2535,0
q,1,4506,-2534,0
w,-1,4507,-2535,0
q,1,4508,-2534,0
w,-1,4509,-2535,0
w,-1,4510,-2536,0
w,-1,4511,-2537,0
w,-1,4512,-2538,0
w,-1,4513,-2539,0
w,-1,4514,-2540,0
w,-1,4515,-2541,0
w,-1,4516,-2542,0
q,1,4517,-2541,0
w,-1,4518,-2542,0
w,-1,4519,-2543,0
q,1,4520,-2542,0
w,-1,4521,-2543,0
w,-1,4522,-2544,0
w,-1,4523,-2545,0
w,-1,4524,-2546,0
q,1,4525,-2545,0
w,-1,4526,-2546,0
w,-1,4527,-2547,0
w,-1,4528,-2548,0
w,-1,4529,-2549,0
w,-1,4530,-2550,0
w,-1,4531,-2551,0
q,1,4532,-2550,0
w,-1,4533,-2551,0
w,-1,4534,-2552,0
w,-1,4535,-2553,0
w,-1,4536,-2554,0
w,-1,4537,-2555,0
w,-1,4538,-2556,0
q,1,4539,-2555,0
w,-1,4540,-2556,0
w,-1,4541,-2557,0
w,-1,4542,-2558,0
w,-1,4543,-2559,0
w,-1,4544,-2560,0
w,-1,4545,-2561,0
q,1,4546,-2560,0
w,-1,4547,-2561,0
q,1,4548,-2560,0
w,-1,4549,-2561,0
w,-1,4550,-2562,0
w,-1,4551,-2563,0
q,1,4552,-2562,0
w,-1,4553,-2563,0
w,-1,4554,-2564,0
q,1,4555,-2563,0
w,-1,4556,-2564,0
w,-1,4557,-2565,0
w,-1,4558,-2566,0
w,-1,4559,-2567,0
w,-1,4560,-2568,0
w,-1,4561,-2569,0
w,-1,4562,-2570,0
q,1,4563,-2569,0
w,-1,4564,-2570,0
w,-1,4565,-2571,0
q,1,4566,-2570,0
w,-1,4567,-2571,0
q,1,4568,-2570,0
q,1,4569,-2569,0
w,-1,4570,-2570,0
w,-1,4571,-2571,0
w,-1,4572,-2572,0
w,-1,4573,-2573,0
w,-1,4574,-2574,0
w,-1,4575,-2575,0
q,1,4576,-2574,0
w,-1,4577,-2575,0
q,1,4578,-2574,0
q,1,4579,-2573,0
w,-1,4580,-2574,0
w,-1,4581,-2575,0
w,-1,4582,-2576,0
w,-1,4583,-2577,0
q,1,4584,-2576,0
w,-1,4585,-2577,0
q,1,4586,-2576,0
w,-1,4587,-2577,0
w,-1,4588,-2578,0
w,-1,4589,-2579,0
w,-1,4590,-2580,0
w,-1,4591,-2581,0
w,-1,4592,-2582,0
w,-1,4593,-2583,0
q,1,4594,-2582,0
w,-1,4595,-2583,0
w,-1,4596,-2584,0
w,-1,4597,-2585,0
w,-1,4598,-2586,0
q,1,4599,-2585,0
w,-1,4600,-2586,0
w,-1,4601,-2587,0
w,-1,4602,-2588,0
w,-1,4603,-2589,0
w,-1,4604,-2590,0
q,1,4605,-2589,0
w,-1,4606,-2590,0
q,1,4607,-2589,0
q,1,4608,-2588,0
w,-1,4609,-2589,0
w,-1,4610,-2590,0
w,-1,4611,-2591,0
w,-1,4612,-2592,0
w,-1,4613,-2593,0
w,-1,4614,-2594,0
w,-1,4615,-2595,0
q,1,4616,-2594,0
w,-1,4617,-2595,0
q,1,4618,-2594,0
w,-1,4619,-2595,0
w,-1,4620,-2596,0
w,-1,4621,-2597,0
q,1,4622,-2596,0
w,-1,4623,-2597,0
q,1,4624,-2596,0
q,1,4625,-2595,0
w,-1,4626,-2596,0
w,-1,4627,-2597,0
w,-1,4628,-2598,0
q,1,4629,-2597,0
w,-1,4630,-2598,0
w,-1,4631,-2599,0
w,-1,4632,-2600,0
q,1,4633,-2599,0
w,-1,4634,-2600,0
q,1,4635,-2599,0
q,1,4636,-2598,0
w,-1,4637,-2599,0
w,-1,4638,-2600,0
w,-1,4639,-2601,0
w,-1,4640,-2602,0
w,-1,4641,-2603,0
w,-1,4642,-2604,0
w,-1,4643,-2605,0
w,-1,4644,-2606,0
w,-1,4645,-2607,0
q,1,4646,-2606,0
w,-1,4647,-2607,0
w,-1,4648,-2608,0
w,-1,4649,-2609,0
w,-1,4650,-2610,0
w,-1,4651,-2611,0
w,-1,4652,-2612,0
w,-1,4653,-2613,0
q,1,4654,-2612,0
w,-1,4655,-2613,0
w,-1,4656,-2614,0
w,-1,4657,-2615,0
w,-1,4658,-2616,0
w,-1,4659,-2617,0
w,-1,4660,-2618,0
w,-1,4661,-2619,0
w,-1,4662,-2620,0
q,1,4663,-2619,0
w,-1,4664,-2620,0
w,-1,4665,-2621,0
w,-1,4666,-2622,0
w,-1,4667,-2623,0
q,1,4668,-2622,0
w,-1,4669,-2623,0
q,1,4670,-2622,0
w,-1,4671,-2623,0
w,-1,4672,-2624,0
q,1,4673,-2623,0
w,-1,4674,-2624,0
q,1,4675,-2623,0
w,-1,4676,-2624,0
q,1,4677,-2623,0
w,-1,4678,-2624,0
w,-1,4679,-2625,0
w,-1,4680,-2626,0
w,-1,4681,-2627,0
q,1,4682,-2626,0
w,-1,4683,-2627,0
q,1,4684,-2626,0
w,-1,4685,-2627,0
w,-1,4686,-2628,0
w,-1,4687,-2629,0
w,-1,4688,-2630,0
w,-1,4689,-2631,0
w,-1,4690,-2632,0
w,-1,4691,-2633,0
w,-1,4692,-2634,0
w,-1,4693,-2635,0
q,1,4694,-2634,0
w,-1,4695,-2635,0
q,1,4696,-2634,0
w,-1,4697,-2635,0
w,-1,4698,-2636,0
w,-1,4699,-2637,0
w,-1,4700,-2638,0
q,1,4701,-2637,0
w,-1,4702,-2638,0
w,-1,4703,-2639,0
w,-1,4704,-2640,0
w,-1,4705,-2641,0
w,-1,4706,-2642,0
q,1,4707,-2641,0
w,-1,4708,-2642,0
q,1,4709,-2641,0
w,-1,4710,-2642,0
q,1,4711,-2641,0
w,-1,4712,-2642,0
w,-1,4713,-2643,0
w,-1,4714,-2644,0
w,-1,4715,-2645,0
q,1,4716,-2644,0
w,-1,4717,-2645,0
w,-1,4718,-2646,0
w,-1,4719,-2647,0
w,-1,4720,-2648,0
w,-1,4721,-2649,0
q,1,4722,-2648,0
w,-1,4723,-2649,0
q,1,4724,-2648,0
q,1,4725,-2647,0
w,-1,4726,-2648,0
q,1,4727,-2647,0
w,-1,4728,-2648,0
w,-1,4729,-2649,0
w,-1,4730,-2650,0
w,-1,4731,-2651,0
w,-1,4732,-2652,0
w,-1,4733,-2653,0
w,-1,4734,-2654,0
w,-1,4735,-2655,0
w,-1,4736,-2656,0
w,-1,4737,-2657,0
w,-1,4738,-2658,0
w,-1,4739,-2659,0
w,-1,4740,-2660,0
w,-1,4741,-2661,0
w,-1,4742,-2662,0
q,1,4743,-2661,0
w,-1,4744,-2662,0
q,1,4745,-2661,0
w,-1,4746,-2662,0
w,-1,4747,-2663,0
w,-1,4748,-2664,0
q,1,4749,-2663,0
w,-1,4750,-2664,0
w,-1,4751,-2665,0
w,-1,4752,-2666,0
q,1,4753,-2665,0
w,-1,4754,-2666,0
q,1,4755,-2665,0
w,-1,4756,-2666,0
w,-1,4757,-2667,0
w,-1,4758,-2668,0
w,-1,4759,-2669,0
w,-1,4760,-2670,0
q,1,4761,-2669,0
w,-1,4762,-2670,0
w,-1,4763,-2671,0
w,-1,4764,-2672,0
w,-1,4765,-2673,0
q,1,4766,-2672,0
w,-1,4767,-2673,0
w,-1,4768,-2674,0
w,-1,4769,-2675,0
w,-1,4770,-2676,0
w,-1,4771,-2677,0
w,-1,4772,-2678,0
w,-1,4773,-2679,0
q,1,4774,-2678,0
w,-1,4775,-2679,0
w,-1,4776,-2680,0
w,-1,4777,-2681,0
q,1,4778,-2680,0
w,-1,4779,-2681,0
w,-1,4780,-2682,0
q,1,4781,-2681,0
w,-1,4782,-2682,0
q,1,4783,-2681,0
w,-1,4784,-2682,0
q,1,4785,-2681,0
q,1,4786,-2680,0
q,1,4787,-2679,0
q,1,4788,-2678,0
w,-1,4789,-2679,0
w,-1,4790,-2680,0
w,-1,4791,-2681,0
q,1,4792,-2680,0
w,-1,4793,-2681,0
w,-1,4794,-2682,0
w,-1,4795,-2683,0
w,-1,4796,-2684,0
q,1,4797,-2683,0
w,-1,4798,-2684,0
w,-1,4799,-2685,0
w,-1,4800,-2686,0
q,1,4801,-2685,0
w,-1,4802,-2686,0
q,1,4803,-2685,0
q,1,4804,-2684,0
q,1,4805,-2683,0
w,-1,4806,-2684,0
w,-1,4807,-2685,0
w,-1,4808,-2686,0
w,-1,4809,-2687,0
q,1,4810,-2686,0
w,-1,4811,-2687,0
w,-1,4812,-2688,0
w,-1,4813,-2689,0
q,1,4814,-2688,0
w,-1,4815,-2689,0
w,-1,4816,-2690,0
w,-1,4817,-2691,0
w,-1,4818,-2692,0
q,1,4819,-2691,0
w,-1,4820,-2692,0
w,-1,4821,-2693,0
q,1,4822,-2692,0
w,-1,4823,-2693,0
w,-1,4824,-2694,0
w,-1,4825,-2695,0
w,-1,4826,-2696,0
w,-1,4827,-2697,0
q,1,4828,-2696,0
w,-1,4829,-2697,0
w,-1,4830,-2698,0
w,-1,4831,-2699,0
w,-1,4832,-2700,0
q,1,4833,-2699,0
w,-1,4834,-2700,0
w,-1,4835,-2701,0
w,-1,4836,-2702,0
w,-1,4837,-2703,0
w,-1,4838,-2704,0
w,-1,4839,-2705,0
q,1,4840,-2704,0
w,-1,4841,-2705,0
q,1,4842,-2704,0
w,-1,4843,-2705,0
w,-1,4844,-2706,0
w,-1,4845,-2707,0
w,-1,4846,-2708,0
w,-1,4847,-2709,0
w,-1,4848,-2710,0
w,-1,4849,-2711,0
w,-1,4850,-2712,0
w,-1,4851,-2713,0
w,-1,4852,-2714,0
w,-1,4853,-2715,0
w,-1,4854,-2716,0
w,-1,4855,-2717,0
w,-1,4856,-2718,0
w,-1,4857,-2719,0
q,1,4858,-2718,0
w,-1,4859,-2719,0
q,1,4860,-2718,0
w,-1,4861,-2719,0
q,1,4862,-2718,0
q,1,4863,-2717,0
w,-1,4864,-2718,0
w,-1,4865,-2719,0
w,-1,4866,-2720,0
w,-1,4867,-2721,0
w,-1,4868,-2722,0
w,-1,4869,-2723,0
q,1,4870,-2722,0
w,-1,4871,-2723,0
q,1,4872,-2722,0
q,1,4873,-2721,0
w,-1,4874,-2722,0
w,-1,4875,-2723,0
w,-1,4876,-2724,0
w,-1,4877,-2725,0
w,-1,4878,-2726,0
q,1,4879,-2725,0
w,-1,4880,-2726,0
w,-1,4881,-2727,0
w,-1,4882,-2728,0
w,-1,4883,-2729,0
w,-1,4884,-2730,0
w,-1,4885,-2731,0
w,-1,4886,-2732,0
w,-1,4887,-2733,0
w,-1,4888,-2734,0
w,-1,4889,-2735,0
w,-1,4890,-2736,0
q,1,4891,-2735,0
w,-1,4892,-2736,0
q,1,4893,-2735,0
w,-1,4894,-2736,0
w,-1,4895,-2737,0
w,-1,4896,-2738,0
w,-1,4897,-2739,0
w,-1,4898,-2740,0
w,-1,4899,-2741,0
w,-1,4900,-2742,0
q,1,4901,-2741,0
w,-1,4902,-2742,0
w,-1,4903,-2743,0
w,-1,4904,-2744,0
w,-1,4905,-2745,0
w,-1,4906,-2746,0
q,1,4907,-2745,0
w,-1,4908,-2746,0
q,1,4909,-2745,0
w,-1,4910,-2746,0
w,-1,4911,-2747,0
w,-1,4912,-2748,0
w,-1,4913,-2749,0
w,-1,4914,-2750,0
w,-1,4915,-2751,0
w,-1,4916,-2752,0
w,-1,4917,-2753,0
w,-1,4918,-2754,0
w,-1,4919,-2755,0
q,1,4920,-2754,0
w,-1,4921,-2755,0
q,1,4922,-2754,0
q,1,4923,-2753,0
q,1,4924,-2752,0
w,-1,4925,-2753,0
w,-1,4926,-2754,0
q,1,4927,-2753,0
w,-1,4928,-2754,0
w,-1,4929,-2755,0
w,-1,4930,-2756,0
w,-1,4931,-2757,0
w,-1,4932,-2758,0
w,-1,4933,-2759,0
w,-1,4934,-2760,0
w,-1,4935,-2761,0
w,-1,4936,-2762,0
w,-1,4937,-2763,0
q,1,4938,-2762,0
w,-1,4939,-2763,0
w,-1,4940,-2764,0
w,-1,4941,-2765,0
q,1,4942,-2764,0
w,-1,4943,-2765,0
w,-1,4944,-2766,0
w,-1,4945,-2767,0
w,-1,4946,-2768,0
w,-1,4947,-2769,0
w,-1,4948,-2770,0
q,1,4949,-2769,0
w,-1,4950,-2770,0
q,1,4951,-2769,0
q,1,4952,-2768,0
w,-1,4953,-2769,0
q,1,4954,-2768,0
w,-1,4955,-2769,0
w,-1,4956,-2770,0
w,-1,4957,-2771,0
q,1,4958,-2770,0
w,-1,4959,-2771,0
q,1,4960,-2770,0
w,-1,4961,-2771,0
q,1,4962,-2770,0
w,-1,4963,-2771,0
w,-1,4964,-2772,0
w,-1,4965,-2773,0
q,1,4966,-2772,0
w,-1,4967,-2773,0
w,-1,4968,-2774,0
q,1,4969,-2773,0
w,-1,4970,-2774,0
w,-1,4971,-2775,0
w,-1,4972,-2776,0
w,-1,4973,-2777,0
w,-1,4974,-2778,0
w,-1,4975,-2779,0
q,1,4976,-2778,0
w,-1,4977,-2779,0
w,-1,4978,-2780,0
w,-1,4979,-2781,0
q,1,4980,-2780,0
w,-1,4981,-2781,0
q,1,4982,-2780,0
w,-1,4983,-2781,0
w,-1,4984,-2782,0
w,-1,4985,-2783,0
w,-1,4986,-2784,0
w,-1,4987,-2785,0
q,1,4988,-2784,0
w,-1,4989,-2785,0
q,1,4990,-2784,0
w,-1,4991,-2785,0
w,-1,4992,-2786,0
w,-1,4993,-2787,0
q,1,4994,-2786,0
w,-1,4995,-2787,0
w,-1,4996,-2788,0
w,-1,4997,-2789,0
q,1,4998,-2788,0
w,-1,4999,-2789,0
q,1,5000,-2788,0
q,1,5001,-2787,0
w,-1,5002,-2788,0
w,-1,5003,-2789,0
w,-1,5004,-2790,0
w,-1,5005,-2791,0
w,-1,5006,-2792,0
q,1,5007,-2791,0
w,-1,5008,-2792,0
w,-1,5009,-2793,0
q,1,5010,-2792,0
w,-1,5011,-2793,0
q,1,5012,-2792,0
